,Manhattan_All,Manhattan_Q1,Manhattan_Q2,Manhattan_Q3,Manhattan_Q4,Manhattan_Q5,Manhattan_All_MoM,Manhattan_Q1_MoM,Manhattan_Q2_MoM,Manhattan_Q3_MoM,Manhattan_Q4_MoM,Manhattan_Q5_MoM,Manhattan_All_YoY,Manhattan_Q1_YoY,Manhattan_Q2_YoY,Manhattan_Q3_YoY,Manhattan_Q4_YoY,Manhattan_Q5_YoY
1995-01,,,,,,,,,,,,,,,,,,
1995-02,,,,,,,,,,,,,,,,,,
1995-03,,,,,,,,,,,,,,,,,,
1995-04,,,,,,,,,,,,,,,,,,
1995-05,,,,,,,,,,,,,,,,,,
1995-06,,,,,,,,,,,,,,,,,,
1995-07,,,,,,,,,,,,,,,,,,
1995-08,,,,,,,,,,,,,,,,,,
1995-09,,,,,,,,,,,,,,,,,,
1995-10,,,,,,,,,,,,,,,,,,
1995-11,,,,,,,,,,,,,,,,,,
1995-12,,,,,,,,,,,,,,,,,,
1996-01,,,,,,,,,,,,,,,,,,
1996-02,,,,,,,,,,,,,,,,,,
1996-03,,,,,,,,,,,,,,,,,,
1996-04,,,,,,,,,,,,,,,,,,
1996-05,,,,,,,,,,,,,,,,,,
1996-06,,,,,,,,,,,,,,,,,,
1996-07,,,,,,,,,,,,,,,,,,
1996-08,,,,,,,,,,,,,,,,,,
1996-09,,,,,,,,,,,,,,,,,,
1996-10,,,,,,,,,,,,,,,,,,
1996-11,,,,,,,,,,,,,,,,,,
1996-12,,,,,,,,,,,,,,,,,,
1997-01,,,,,,,,,,,,,,,,,,
1997-02,,,,,,,,,,,,,,,,,,
1997-03,,,,,,,,,,,,,,,,,,
1997-04,,,,,,,,,,,,,,,,,,
1997-05,,,,,,,,,,,,,,,,,,
1997-06,,,,,,,,,,,,,,,,,,
1997-07,,,,,,,,,,,,,,,,,,
1997-08,,,,,,,,,,,,,,,,,,
1997-09,,,,,,,,,,,,,,,,,,
1997-10,,,,,,,,,,,,,,,,,,
1997-11,,,,,,,,,,,,,,,,,,
1997-12,,,,,,,,,,,,,,,,,,
1998-01,,,,,,,,,,,,,,,,,,
1998-02,,,,,,,,,,,,,,,,,,
1998-03,,,,,,,,,,,,,,,,,,
1998-04,,,,,,,,,,,,,,,,,,
1998-05,,,,,,,,,,,,,,,,,,
1998-06,,,,,,,,,,,,,,,,,,
1998-07,,,,,,,,,,,,,,,,,,
1998-08,,,,,,,,,,,,,,,,,,
1998-09,,,,,,,,,,,,,,,,,,
1998-10,,,,,,,,,,,,,,,,,,
1998-11,,,,,,,,,,,,,,,,,,
1998-12,,,,,,,,,,,,,,,,,,
1999-01,,,,,,,,,,,,,,,,,,
1999-02,,,,,,,,,,,,,,,,,,
1999-03,,,,,,,,,,,,,,,,,,
1999-04,,,,,,,,,,,,,,,,,,
1999-05,,,,,,,,,,,,,,,,,,
1999-06,,,,,,,,,,,,,,,,,,
1999-07,,,,,,,,,,,,,,,,,,
1999-08,,,,,,,,,,,,,,,,,,
1999-09,,,,,,,,,,,,,,,,,,
1999-10,,,,,,,,,,,,,,,,,,
1999-11,,,,,,,,,,,,,,,,,,
1999-12,,,,,,,,,,,,,,,,,,
2000-01,,,,,,,,,,,,,,,,,,
2000-02,,,,,,,,,,,,,,,,,,
2000-03,,,,,,,,,,,,,,,,,,
2000-04,,,,,,,,,,,,,,,,,,
2000-05,,,,,,,,,,,,,,,,,,
2000-06,,,,,,,,,,,,,,,,,,
2000-07,,,,,,,,,,,,,,,,,,
2000-08,,,,,,,,,,,,,,,,,,
2000-09,,,,,,,,,,,,,,,,,,
2000-10,,,,,,,,,,,,,,,,,,
2000-11,,,,,,,,,,,,,,,,,,
2000-12,,,,,,,,,,,,,,,,,,
2001-01,,,,,,,,,,,,,,,,,,
2001-02,,,,,,,,,,,,,,,,,,
2001-03,,,,,,,,,,,,,,,,,,
2001-04,,,,,,,,,,,,,,,,,,
2001-05,,,,,,,,,,,,,,,,,,
2001-06,,,,,,,,,,,,,,,,,,
2001-07,,,,,,,,,,,,,,,,,,
2001-08,,,,,,,,,,,,,,,,,,
2001-09,,,,,,,,,,,,,,,,,,
2001-10,,,,,,,,,,,,,,,,,,
2001-11,,,,,,,,,,,,,,,,,,
2001-12,,,,,,,,,,,,,,,,,,
2002-01,,,,,,,,,,,,,,,,,,
2002-02,,,,,,,,,,,,,,,,,,
2002-03,,,,,,,,,,,,,,,,,,
2002-04,,,,,,,,,,,,,,,,,,
2002-05,,,,,,,,,,,,,,,,,,
2002-06,,,,,,,,,,,,,,,,,,
2002-07,,,,,,,,,,,,,,,,,,
2002-08,,,,,,,,,,,,,,,,,,
2002-09,,,,,,,,,,,,,,,,,,
2002-10,,,,,,,,,,,,,,,,,,
2002-11,,,,,,,,,,,,,,,,,,
2002-12,,,,,,,,,,,,,,,,,,
2003-01,,,,,,,,,,,,,,,,,,
2003-02,,,,,,,,,,,,,,,,,,
2003-03,,,,,,,,,,,,,,,,,,
2003-04,,,,,,,,,,,,,,,,,,
2003-05,,,,,,,,,,,,,,,,,,
2003-06,,,,,,,,,,,,,,,,,,
2003-07,,,,,,,,,,,,,,,,,,
2003-08,,,,,,,,,,,,,,,,,,
2003-09,,,,,,,,,,,,,,,,,,
2003-10,,,,,,,,,,,,,,,,,,
2003-11,,,,,,,,,,,,,,,,,,
2003-12,,,,,,,,,,,,,,,,,,
2004-01,,,,,,,,,,,,,,,,,,
2004-02,,,,,,,,,,,,,,,,,,
2004-03,,,,,,,,,,,,,,,,,,
2004-04,,,,,,,,,,,,,,,,,,
2004-05,,,,,,,,,,,,,,,,,,
2004-06,,,,,,,,,,,,,,,,,,
2004-07,,,,,,,,,,,,,,,,,,
2004-08,,,,,,,,,,,,,,,,,,
2004-09,,,,,,,,,,,,,,,,,,
2004-10,,,,,,,,,,,,,,,,,,
2004-11,,,,,,,,,,,,,,,,,,
2004-12,,,,,,,,,,,,,,,,,,
2005-01,,,,,,,,,,,,,,,,,,
2005-02,,,,,,,,,,,,,,,,,,
2005-03,,,,,,,,,,,,,,,,,,
2005-04,,,,,,,,,,,,,,,,,,
2005-05,,,,,,,,,,,,,,,,,,
2005-06,,,,,,,,,,,,,,,,,,
2005-07,,,,,,,,,,,,,,,,,,
2005-08,,,,,,,,,,,,,,,,,,
2005-09,,,,,,,,,,,,,,,,,,
2005-10,,,,,,,,,,,,,,,,,,
2005-11,,,,,,,,,,,,,,,,,,
2005-12,,,,,,,,,,,,,,,,,,
2006-01,,,,,,,,,,,,,,,,,,
2006-02,,,,,,,,,,,,,,,,,,
2006-03,,,,,,,,,,,,,,,,,,
2006-04,,,,,,,,,,,,,,,,,,
2006-05,,,,,,,,,,,,,,,,,,
2006-06,,,,,,,,,,,,,,,,,,
2006-07,,,,,,,,,,,,,,,,,,
2006-08,,,,,,,,,,,,,,,,,,
2006-09,,,,,,,,,,,,,,,,,,
2006-10,,,,,,,,,,,,,,,,,,
2006-11,,,,,,,,,,,,,,,,,,
2006-12,,,,,,,,,,,,,,,,,,
2007-01,2542.5307010013,1565.4156418242,2142.6022469437,2609.1873957714,3206.482802776,5349.8251900834,,,,,,,,,,,,
2007-02,2452.2787300583,1537.805955554,2118.6262772401,2476.9548402231,3081.8488034982,4872.4429499205,-0.035496905074718144,-0.01763728784390195,-0.011190116942050299,-0.05067959310343295,-0.03886938023490982,-0.08923324093800122,,,,,,
2007-03,2466.8844485553,1535.2504243448,2057.6313217118,2479.2411327674,3159.6780584196,5140.7731672913,0.005955978134937645,-0.001661803428430253,-0.028789860761926023,0.0009230255260099796,0.025254079574914767,0.05507098187269244,,,,,,
2007-04,2504.0756152143,1559.4169420996,2068.7187302788,2568.9311784424,3140.565755804,5207.6086158153,0.015076168922618427,0.015741091727829115,0.005388433024909656,0.036176410793445246,-0.006048813284844301,0.013001049910011275,,,,,,
2007-05,2539.078151261,1570.8192454794,2093.9824178811,2555.0266069642,3256.3226756414,5459.6774548087,0.0139782264696926,0.007311901693493272,0.012212239021442528,-0.00541259010552031,0.03685862001885254,0.04840395229162886,,,,,,
2007-06,2561.9656358272,1556.9892521168,2139.7541048435,2555.692508615,3347.9321096736,5572.9825240877,0.0090140922030435,-0.00880431876703891,0.021858677786185332,0.0002606241551399435,0.028132787551269134,0.020753070161535714,,,,,,
2007-07,2614.5360460932,1600.2902957179,2173.1447407241,2634.7786126304,3396.9451430359,5549.3707935748,0.020519561047518176,0.027810753055764748,0.015604893947868792,0.030945077996984427,0.01463979308919705,-0.004236821201366592,,,,,,
2007-08,2649.9397172544,1637.4740648373,2216.484719761,2655.1590827825,3466.331103791,5591.0917153134,0.013541091244124281,0.02323563994538813,0.019943438752477727,0.007735173670532225,0.02042598800788653,0.0075181355311317866,,,,,,
2007-09,2664.4199374444,1644.9737519253,2224.7528880072,2682.4359803853,3459.7915378476,5592.3731693958,0.005464358338310937,0.004580034120262644,0.0037303069010514722,0.010273168858196957,-0.0018865958696927532,0.00022919568264101464,,,,,,
2007-10,2664.0793786597,1647.2319848262,2243.0555587143,2716.4572852795,3398.8944693459,5492.1372638729,-0.00012781723327992545,0.0013728078628956197,0.008226833103920361,0.012682988575672738,-0.01760136928353362,-0.017923679712834595,,,,,,
2007-11,2691.2405268366,1649.8736335221,2267.1891525329,2746.5440285117,3427.7797389149,5564.0522083434,0.010195322404606744,0.0016036895350708402,0.010759249241438118,0.01107572844794591,0.008498430836706428,0.013094163713560869,,,,,,
2007-12,2691.4180224071,1656.6929811133,2273.1988641965,2716.8085053251,3414.2236727572,5616.4891772829,6.595306838241832e-05,0.00413325448243107,0.0026507323647371184,-0.01082652339737411,-0.003954765822261175,0.00942424099847039,,,,,,
2008-01,2685.3567003949,1668.6860702872,2230.5837794282,2740.32249174,3415.1826916525,5580.4019080744,-0.00225209237722912,0.0072391742529389624,-0.018746747343357795,0.00865500323957713,0.0002808892993604317,-0.0064252361340715325,0.056174739340355995,0.06596997353537204,0.04106293298721253,0.05025897955092251,0.06508685738024833,0.04309986023812584
2008-02,2673.6471968077,1656.9986720188,2192.8544125546,2722.6287151403,3444.6924011329,5568.5231019958,-0.004360502120808851,-0.0070039526766040305,-0.016914570625664593,-0.006456822747334834,0.008640741109554373,-0.0021286649732902285,0.09027051616768578,0.07750829422549632,0.03503597407051684,0.09918383287725674,0.11773569073954482,0.14286060590748573
2008-03,2681.3911268651,1650.092218671,2214.3325637357,2724.2068096669,3476.6876477105,5569.0072249424,0.0028963918899420626,-0.004168050019850433,0.009794608824978512,0.0005796216420639322,0.009288273915858847,8.693920052627035e-05,0.0869544896743839,0.07480329756313941,0.07615613174741931,0.09880671696748689,0.10032971189775619,0.08330148865073128
2008-04,2680.3287133014,1653.3600555644,2208.7520313465,2718.7465776196,3454.7405625505,5604.3916652924,-0.0003962173041655026,0.0019803965235543064,-0.0025201871121767194,-0.0020043383005740045,-0.006312642199667651,0.006353814768190746,0.07038649193188062,0.06024246045340198,0.06769083637040785,0.058318183232933585,0.1000376464545858,0.07619294742544303
2008-05,2684.279944822,1655.137979937,2210.5778864363,2718.2548439311,3456.6991031742,5597.6091700085,0.0014741593077711723,0.0010753401030927368,0.0008266455735579381,-0.0001808677912638057,0.0005669139514934418,-0.001210210793421762,0.05718681541522752,0.05367819034574328,0.055681207043363434,0.06388514175233673,0.06153457365625825,0.025263711334872818
2008-06,2684.1570987391,1659.3286714358,2211.673201674,2715.8386530071,3445.4284039615,5611.6213676252,-4.576500418174145e-05,0.0025319287875682495,0.0004954881908576514,-0.0008888757908016576,-0.003260538125042567,0.002503246866854658,0.04769441916126538,0.06572904673546387,0.03361091663182503,0.06266252448299725,0.029121347474816428,0.00693324326256084
2008-07,2681.4000003507,1664.9202480945,2201.5881528798,2731.2055857739,3442.5227568368,5597.0418078519,-0.0010271747468489911,0.0033697824638090346,-0.004559918159051213,0.005658264252843104,-0.0008433340601009531,-0.0025981011223268347,0.02557392710550377,0.04038639273732936,0.013088595353396792,0.036597751583854476,0.013417235746164158,0.00859034583385454
2008-08,2679.6804855411,1653.5681993988,2204.0127320142,2721.8887473355,3455.3784986629,5605.785934919,-0.0006412750090903918,-0.006818373858262783,0.0011012864196369154,-0.0034112549003740833,0.00373439559711497,0.001562276532369955,0.011223186736305957,0.009828634790071789,-0.005626922502829146,0.025132077767283878,-0.0031597111759236185,0.002628148553770693
2008-09,2657.8082469141,1641.3061552649,2191.8826829095,2710.1020675471,3426.5924939685,5547.2055206719,-0.008162256188757322,-0.007415505534248967,-0.005503620250693619,-0.004330331208407423,-0.008330781911602081,-0.010449991299560257,-0.00248147464946602,-0.0022295776185530247,-0.014774766795400351,0.010313792151649404,-0.009595677518696277,-0.008076651424314796
2008-10,2618.110416053,1617.4612380427,2167.7874275757,2661.1396813553,3357.4739746061,5455.2308595283,-0.014936303590446065,-0.014528013037489407,-0.0109929493588663,-0.018066620729202065,-0.020171210753558433,-0.01658035939012026,-0.017255102447370496,-0.018073196160431015,-0.03355607080091361,-0.02036387769613246,-0.012186460954691225,-0.00671986197201746
2008-11,2577.0117381664,1593.4787245327,2125.7863021332,2630.121370203,3312.7505153348,5359.9270728593,-0.01569783979873518,-0.014827257028441343,-0.019375112572486364,-0.01165602518711184,-0.013320567667705285,-0.017470165630578016,-0.042444659825507935,-0.034181350525015586,-0.062369233833765025,-0.04238878281219016,-0.033557939057225816,-0.036686416273738476
2008-12,2531.447736903,1572.6961058913,2081.5703944508,2581.1831824996,3246.6644266968,5260.3854343868,-0.017680944401060272,-0.013042294397431986,-0.020799789535773106,-0.018606817258635666,-0.01994900863559934,-0.01857145388722592,-0.059437175560349664,-0.05070153382647513,-0.08429903461764843,-0.049920825321205564,-0.04907682159121263,-0.06340326343660341
2009-01,2489.2491903576,1536.9666539788,2052.2904587931,2536.9921624907,3210.7069116506,5183.760580871,-0.016669728523420413,-0.0227185988307963,-0.014066272145182634,-0.017120450926735753,-0.011075217614277322,-0.014566395271135124,-0.07302847700212822,-0.07893600758933017,-0.07993123696111748,-0.07419941625928583,-0.05987257446041949,-0.07107755565589136
2009-02,2457.2016470211,1522.5415924448,2015.5384250962,2506.2642330304,3175.9458120799,5096.1441061844,-0.01287438134383645,-0.009385409564129032,-0.0179078129703496,-0.01211195285291411,-0.010826618725167214,-0.01690210674658088,-0.08095516493164578,-0.08114495312792536,-0.0808608115719972,-0.07946896354494304,-0.0780175869882066,-0.08483021209736852
2009-03,2434.2748175282,1501.538318668,1996.9408656291,2489.39038316,3150.065836025,5045.0293590459,-0.009330463179810566,-0.013794876856581761,-0.009227092490788014,-0.006732669942784653,-0.008148746101543702,-0.010030082759329817,-0.09215974009200645,-0.09002763501463362,-0.09817481875434664,-0.08619625561233069,-0.09394626287483443,-0.09408820005650465
2009-04,2408.9875402718,1489.3851582235,1968.9472384261,2462.949375211,3121.9924675245,5016.7879827706,-0.010388012509646383,-0.008093806394019354,-0.01401825546505664,-0.010621479109048426,-0.008911994212770113,-0.005597861630807333,-0.10123428954181712,-0.09917676236887474,-0.10857026479980658,-0.09408644575934078,-0.09631637716388886,-0.10484700527994639
2009-05,2396.07547168,1481.3933039257,1965.5325543101,2429.9624150768,3122.3359394379,4971.8662444494,-0.005359956569282565,-0.005365874806576243,-0.0017342689785478926,-0.013393275747445754,0.00011001689368961287,-0.008954282795182289,-0.1073675171987738,-0.10497292559132343,-0.1108512546107302,-0.10605791046338231,-0.09672903361165075,-0.11178753402645103
2009-06,2397.8921355634,1480.2687720985,1964.3457267847,2439.1077581826,3117.14058801,4970.947944499,0.0007581830809888501,-0.0007591041651261454,-0.000603819826233587,0.003763573892771932,-0.0016639309570369853,-0.00018469924677178007,-0.1066498541796137,-0.10791105006482016,-0.11182821888066452,-0.10189518973010103,-0.09528214708337568,-0.11416903977563408
2009-07,2412.9733750369,1490.1189848346,1981.8576847664,2449.0664382042,3124.3903523078,4986.476872239,0.006289373591842784,0.00665434069931492,0.008914906242275533,0.004082919251185757,0.002325773924245267,0.0031239369056730304,-0.10010689389076322,-0.10499077265710466,-0.0998054371913204,-0.10330205424274375,-0.09241257850719897,-0.10908707788395633
2009-08,2410.7894461813,1486.443478707,1971.8442887742,2445.1358820675,3132.803640817,5009.0472163064,-0.0009050778919460489,-0.00246658566531055,-0.005052530294767488,-0.0016049201750452102,0.0026927776495615507,0.004526310789297883,-0.10034444061919712,-0.10106914293136682,-0.10533897552752625,-0.10167677335780811,-0.0933544206432736,-0.10645050052579708
2009-09,2414.5472169724,1478.1950826721,1970.051676963,2456.933472688,3153.6929892349,5032.4629270791,0.0015587303972366406,-0.005549081517768117,-0.0009091041424545976,0.004824922290422862,0.006667940545565854,0.004674683579837913,-0.09152693021558012,-0.09937882220789862,-0.10120569302187377,-0.09341662732586353,-0.07964165718974725,-0.09279313551203194
2009-10,2407.9208027414,1467.6898165201,1962.947375262,2460.9958428854,3134.4375086508,5045.0282518653,-0.002744371360568598,-0.007106819847492507,-0.0036061499218903448,0.001653431093091573,-0.0061056928020033485,0.002496853919894182,-0.08028294453236873,-0.09259660633588918,-0.09449268397260635,-0.07520982076670546,-0.06642984209027769,-0.07519436266322721
2009-11,2392.480755481,1455.707549342,1945.3587411294,2428.4126201632,3125.3128058768,5057.518679757,-0.006412190651296279,-0.00816403237470853,-0.008960318730018124,-0.013239852808527353,-0.0029111133174025694,0.0024757894838511874,-0.07160657437156182,-0.08645937537139226,-0.0848756814467867,-0.07669180301904921,-0.05658068984982312,-0.05642024396816603
2009-12,2387.2745215781,1453.2233066249,1933.2143126471,2420.4645215591,3127.4579576075,5059.0729062254,-0.002176081830950083,-0.0017065534339111288,-0.006242770665141784,-0.0032729605084846902,0.000686379848655827,0.00030731007966822155,-0.056952870574086156,-0.07596686913565587,-0.07127122974039135,-0.062265499802637625,-0.036716596919929456,-0.038269539499032224
2010-01,2400.6746370485,1461.8525915394,1940.177954997,2431.5543885474,3141.0341583563,5090.8837720351,0.005613143921773034,0.005938030910432879,0.0036021057284458813,0.004581710200468603,0.004340969865246791,0.00628788444035977,-0.03558283905532811,-0.04887162792045585,-0.05462799055355472,-0.04156014965366961,-0.02170012872912208,-0.017916878564691263
2010-02,2412.6232359472,1471.5480969061,1954.6142331373,2432.2197848446,3147.7142597144,5101.4570911142,0.004977183794214746,0.0066323413337388,0.007440697954081532,0.0002736505917095844,0.0021267203797605827,0.0020769122911783455,-0.01814194253367163,-0.033492349760257056,-0.030227254018236893,-0.029543751696233134,-0.008889179487294618,0.0010425499787873882
2010-03,2416.5341943049,1469.2578539803,1958.7536034096,2436.6371134622,3152.6477768898,5141.5588707759,0.0016210398289415728,-0.0015563493511460136,0.002117742827266733,0.0018161716490938673,0.0015673332355927716,0.007860848174445989,-0.007287847327490216,-0.021498262339608942,-0.019122880840775403,-0.021191240254907595,0.0008196466357217602,0.01913358770785334
2010-04,2430.422249018,1477.626167254,1961.8131090908,2460.0849518631,3173.7121736372,5186.0386627751,0.005747096294283827,0.005695605608661225,0.0015619655662020282,0.009623032609719528,0.006681493854724607,0.008651032326405739,0.008897808057480416,-0.007895198165883355,-0.003623321740709895,-0.0011630053693876263,0.016566249486729134,0.03373686123188113
2010-05,2445.1192248757,1493.3101792061,1970.0114476984,2479.4371137911,3187.133596617,5210.6756807623,0.006047087440727017,0.010614330132801442,0.004178960049563196,0.00786646083638054,0.004228935154008795,0.004750642945267947,0.020468367451428104,0.008044369613944058,0.0022787174796359277,0.020360273231936565,0.020752942167640454,0.04803215222845281
2010-06,2461.4347012956,1503.7583726415,1989.4844794319,2493.9923290536,3201.151255429,5250.7194260467,0.006672671113094442,0.0069966665873493206,0.009884730241669804,0.005870370811802861,0.0043982024559243715,0.007684942939788275,0.026499342814379823,0.015868469960154563,0.012797519451093642,0.022501904922763716,0.026951196151416612,0.05628131388044477
2010-07,2484.0511502249,1521.3340082893,2011.2851938852,2508.1450929621,3235.4639514863,5265.4307911281,0.009188319689080293,0.01168780567913097,0.010957971614599105,0.005674742357315354,0.010718861221914455,0.0028017808394831256,0.02945651034666441,0.02094800735537561,0.014848447163989142,0.024122928572415603,0.035550487184309976,0.05594208617352847
2010-08,2502.0568886003,1528.9203159493,2033.0948426478,2525.7863393025,3257.9789177044,5283.57249225,0.007248537685614842,0.004986615443199449,0.01084363810209843,0.00703358286165412,0.006958806080270774,0.0034454353008432914,0.03785790690413404,0.028576153651835412,0.031062571330962685,0.032984038975701235,0.03995631109990527,0.054805887045726864
2010-09,2517.2537222986,1542.0869043709,2049.4147715256,2544.4409007973,3276.157328911,5308.5068136212,0.0060737362797540495,0.008611690409401573,0.00802713603687355,0.007385645097736759,0.005579658943713817,0.004719216289314376,0.04253654871781065,0.043222861750631836,0.04028477805462671,0.03561652323193054,0.03883204233707316,0.054852641845951844
2010-10,2526.8060056622,1550.5018351007,2057.7902381452,2556.5446884775,3272.148299207,5332.8851890826,0.003794724099117408,0.005456845983160097,0.004086760150247892,0.004756953748231041,-0.0012236987731394366,0.004592322533870874,0.04937255527069229,0.05642337886962223,0.0483165591082344,0.03882527712036832,0.043934769851410094,0.05705754712292643
2010-11,2530.8017555614,1551.8789639706,2065.7523661456,2558.9156196625,3270.2214067083,5342.2750038354,0.0015813441515677429,0.0008881826765529954,0.0038692612360609058,0.0009273967303156105,-0.0005888768853070658,0.001760738215782709,0.05781488514108912,0.06606506552230962,0.06188762127560277,0.05374004335825333,0.046366111116626696,0.05630356348818877
2010-12,2534.4386314519,1558.728457334,2069.0092856227,2551.8341642605,3272.259922339,5363.6589608861,0.0014370449532477014,0.0044136775627625635,0.0015766262841936385,-0.002767365733979843,0.0006233570688878309,0.004002781031554603,0.06164523960005974,0.07260078353280397,0.0702431034610227,0.054274558264039596,0.04630021144785368,0.06020590339504572
2011-01,2548.7220312328,1571.4193138394,2066.7212171402,2570.1673472881,3296.7975932147,5396.0739656474,0.005635725246468937,0.008141800738729055,-0.001105876372039294,0.007184316004685387,0.007498692481054725,0.0060434500026347315,0.06166907914115205,0.07495059552114003,0.06522250282108577,0.057005905108915345,0.049589857036101526,0.05994837188952329
2011-02,2560.8119561336,1576.6696331669,2078.6522617502,2586.9863851545,3315.1876367459,5426.7175223975,0.00474352430459124,0.003341131982571799,0.005772933722773432,0.006543946597153294,0.00557815365100045,0.005678861510272748,0.06142223865643093,0.07143601794723242,0.06345908390005417,0.0636318318246838,0.05320475850520645,0.06375833913213613
2011-03,2575.7760147485,1583.5055925272,2094.7645867234,2594.9435354757,3333.6688956387,5457.9679083279,0.005843482017122925,0.004335695453567601,0.007751332567590419,0.0030758377264226144,0.0055747248475326305,0.005758616659411686,0.06589677928782822,0.07775880743968555,0.06943751530414333,0.0649692238285593,0.0574187576791354,0.06153951466945884
2011-04,2597.3262113076,1595.0431285494,2108.8926101849,2616.1710995147,3363.8489824995,5508.1197183869,0.008366487006520318,0.007286072165862523,0.006744444483663514,0.008180356816553491,0.00905311469302883,0.009188733041555208,0.06867282520847406,0.07946323900963814,0.07497120924136547,0.06344746246807098,0.05990990942458252,0.06210540964988698
2011-05,2611.8625662987,1604.391085436,2124.786088714,2637.3779874414,3371.5102200168,5519.749075539,0.005596661261806579,0.005860629546174945,0.007536409607745043,0.008106078356508784,0.0022775212434200665,0.0021113116175162094,0.06819436031037562,0.07438568877160856,0.0785653510777442,0.06370029422073387,0.05785029645305961,0.059315415833265606
2011-06,2631.7019779872,1613.5855929918,2143.4982805067,2662.6216072334,3391.9745018576,5562.7047133768,0.00759588653112564,0.005730839344137539,0.00880662382537789,0.009571483462819774,0.006069767108906499,0.007782172205646143,0.06917399701969673,0.07303515135704797,0.077413924394514,0.0676141928005809,0.05961081848443528,0.05941762680795071
2011-07,2655.4316791158,1628.0832727837,2165.0719813576,2689.9005754554,3429.2970837615,5574.7818060601,0.0090168648756912,0.008984760309503903,0.01006471572526757,0.010245153929455464,0.011003202377688925,0.0021710828285128603,0.06899235101313561,0.07016819706438882,0.07646194977219034,0.07246609576268503,0.05990891420260058,0.058751321060612094
2011-08,2670.1952191927,1639.8299663886,2183.2894860853,2693.6737496016,3444.7306951658,5599.5743170011,0.005559751430628479,0.007215044710099816,0.008414272081742169,0.0014027188144531966,0.004500517460963582,0.004447261220887455,0.0672000430359756,0.07254115815083328,0.0738748829060496,0.06646936349551336,0.0573213584798109,0.05980836360523378
2011-09,2685.7788154546,1651.9350757949,2195.0839324754,2717.2670885502,3462.7388326059,5608.9518861973,0.0058361261940285125,0.00738192962344697,0.005402145004256065,0.008758796031661076,0.005227734483096658,0.0016746932293993932,0.06694799640701832,0.07123345066522901,0.07107841856793251,0.06792305048183467,0.05695132588669649,0.05659690815601515
2011-10,2697.1150347566,1662.4885048972,2210.5193400414,2734.4851028857,3473.9697750781,5608.5461796579,0.004220831304785344,0.006388525346386231,0.007031807457400285,0.006336518926701062,0.003243369776099625,-7.233196997080693e-05,0.06740091194684616,0.0722260801382586,0.07421995646838297,0.06960191824934192,0.06167858465339471,0.05169077915639919
2011-11,2693.6944809194,1661.6273642928,2210.3420472024,2730.7209645213,3454.7878687595,5623.1381522468,-0.0012682268991572876,-0.0005179828924311014,-8.020415645704215e-05,-0.0013765437450830031,-0.005521610019813439,0.002601738868055481,0.0643640794858964,0.07071969069121242,0.06999371436111868,0.06713990236280631,0.056438521768768624,0.05257369720011784
2011-12,2694.0077419794,1665.3193876549,2207.1117019472,2716.9145765456,3461.7195014187,5633.5477578372,0.00011629420567893511,0.002221932210217048,-0.001461468490493889,-0.005055949749197652,0.0020063844503683814,0.0018512092907125854,0.06296033707317972,0.06838325804560585,0.06674808918652864,0.06469088571550619,0.057898694961944,0.0503180382867805
2012-01,2702.0523906715,1673.0231998575,2217.1908379239,2721.1104688131,3456.5009813987,5640.8971425939,0.002986126790485377,0.004626026850890419,0.004566663285690442,0.0015443592903958692,-0.001507493607688759,0.0013045748563107473,0.06015970261163983,0.06465739928437952,0.07280595928265066,0.05872890793833596,0.048441975483327626,0.04537061176423807
2012-02,2711.6605911665,1682.0812204199,2229.0340205298,2726.1612474895,3473.6402293039,5651.3863330129,0.0035558897851764026,0.005414163152771323,0.005341526044275735,0.0018561461338257867,0.00495855432920056,0.001859489750273502,0.05890656464313637,0.06685711770909819,0.07234579902892468,0.053798065244432314,0.04779596509159667,0.041400498494371885
2012-03,2728.5969531067,1695.7416455005,2234.1673725005,2748.3115722717,3498.8683933811,5683.8408497196,0.006245752877543698,0.0081211447549423,0.0023029491355541776,0.008125097076556953,0.007262745250464553,0.005742753157241154,0.059330057226703925,0.0708782169781772,0.06654818716176192,0.05910264893986783,0.04955486069973025,0.04138407282444034
2012-04,2743.2728302095,1700.9694227797,2242.4070814469,2760.0409646801,3525.7971494803,5726.9468191134,0.005378543388788515,0.003082885469653629,0.003688044614660324,0.0042678539532199355,0.007696418690723572,0.007583950806069328,0.05619110078145506,0.06640967402971332,0.06331022766033301,0.05499252904066099,0.04814370913300192,0.039728094506737754
2012-05,2764.6388343463,1712.0577399701,2258.6509047485,2780.1410475102,3548.0620045664,5773.2612550663,0.007788508638846503,0.006518822173934069,0.007243922584796225,0.007282530617233052,0.006314842897125139,0.008087107740956778,0.05849322625887665,0.06710748738973527,0.06300154954210946,0.054130678555977196,0.05236578655505908,0.04592820725325164
2012-06,2773.7774665791,1717.6142873696,2270.4059624084,2794.8800988003,3557.8404426449,5791.9384538793,0.0033055428865669256,0.003245537384502617,0.005204459722034205,0.00530154802875904,0.0027559941359296403,0.003235121015285891,0.05398616172358661,0.06447051512459101,0.05920587063484839,0.049672282087548814,0.04889952465635106,0.041209043498436015
2012-07,2792.0596166439,1731.7559146902,2283.6243051503,2814.5382509991,3584.2632953304,5815.1108748329,0.006591065896626391,0.00823329627879188,0.00582201727830145,0.00703362988889511,0.007426654767535679,0.004000805798977325,0.05145225109824492,0.06367772683349315,0.05475675858054485,0.04633542097465759,0.045188914166317096,0.04311004038069233
2012-08,2805.5786807993,1740.3906968595,2291.1055276813,2834.0315545102,3600.7364576943,5821.0301116125,0.0048419682999643054,0.0049861427329640495,0.0032760303497063603,0.006925933056401101,0.004595968824433472,0.001017906091046017,0.05070170923590056,0.061323876579938874,0.049382384829470105,0.05210646052787915,0.04528823189209885,0.03954868389531474
2012-09,2810.1770663673,1745.1222448192,2299.7631468539,2837.1615277314,3608.4976253424,5825.7205858123,0.0016390150094418576,0.002718669990731337,0.0037787954627135356,0.0011044242666313764,0.0021554389606925906,0.000805780782759058,0.046317384811021434,0.05641091492621708,0.04768802360119895,0.04412317055117687,0.0420934987542243,0.03864691728742242
2012-10,2812.9360977081,1745.2073652313,2304.9577183575,2843.5234233249,3601.8854666765,5837.0946107257,0.0009817998210222,4.8776188804389164e-05,0.0022587419537993814,0.0022423452212065875,-0.00183238548349407,0.0019523807820613914,0.04294257436518745,0.04975604949473911,0.04272225834239096,0.03987526584954937,0.03682118725270844,0.040750031068076176
2012-11,2816.1744807802,1749.1896506288,2307.8486343768,2848.7693806112,3600.024382033,5843.9190256738,0.001151246583503518,0.0022818408155023118,0.0012542165074334033,0.001844879223877216,-0.0005166973410781761,0.0011691458513556352,0.045469150539669156,0.052696704578687026,0.044113800078052545,0.043229761525851895,0.04203919858201011,0.039262928892967786
2012-12,2812.7581953775,1750.1449912851,2306.9901336899,2832.1780521506,3587.7101762901,5856.0310969119,-0.0012130943682698847,0.00054616185040679,-0.00037199176501956366,-0.005824033554109875,-0.0034205895394369135,0.0020725939536274662,0.04407947740745888,0.05093653761495642,0.045253002670677445,0.04242440178283058,0.03639540257948859,0.039492580632726204
2013-01,2816.3432644256,1756.2133142935,2306.4750332777,2823.8350391254,3585.8220172184,5884.0408412765,0.001274574207619894,0.003467325872209104,-0.00022327811665867614,-0.0029457939690142876,-0.0005262852847418564,0.004783059362401643,0.04229780079345424,0.0497244236918446,0.040269062016061064,0.03775097390923143,0.037413857688930685,0.04310372845600119
2013-02,2827.555027282,1761.2995859219,2316.4681517438,2843.1802904396,3603.7975323434,5900.8466878953,0.003980964606843385,0.0028961582212159165,0.004332636738711537,0.006850701633120737,0.005012941255501557,0.00285617436590635,0.042739285474383326,0.0470954461296611,0.039225121917707995,0.042924475967025755,0.037470001050046164,0.044141444272737695
2013-03,2834.4209788575,1771.1206565947,2320.4171395622,2848.4240251004,3618.2216990032,5911.5089828697,0.002428229162386941,0.005576036439967513,0.0017047451377336653,0.0018443201363038675,0.004002490853147522,0.0018069093366333,0.03878331155882586,0.04445194307411837,0.03860488167686782,0.036426893456606546,0.034111973416286245,0.04005533215472279
2013-04,2844.5988723451,1778.519080666,2318.1409423903,2855.3420944719,3638.7431746513,5937.6694312394,0.0035908192761482383,0.00417725582034878,-0.0009809430955718401,0.0024287357888215233,0.005671702110944032,0.004425341895869073,0.036936188416907045,0.04559144735216325,0.0337734667224352,0.03452888236492013,0.03203418131631541,0.036794930838666806
2013-05,2868.0820323104,1793.1667432097,2337.3446562195,2880.6754300767,3663.290739504,5965.654510594,0.008255350233595582,0.008235875961597694,0.00828410105616717,0.008872259353387868,0.006746165825526562,0.004713142029659778,0.0374165321990636,0.04737515642493251,0.03484104219273432,0.036161612252203934,0.03247652797197431,0.03332488294356439
2013-06,2880.401241735,1798.2203716001,2345.6374357251,2897.6582093566,3672.879143114,6001.2929353161,0.004295277919466045,0.0028182701968664237,0.0035479489443432932,0.005895415742636301,0.002617429052682363,0.005973933733308234,0.03843991684286019,0.04692909509616516,0.03313569227808766,0.03677371011386765,0.032333855979100656,0.036145840136919904
2013-07,2893.9664333284,1806.36258008,2360.4509930561,2907.8121947006,3694.3793162106,6016.7703597483,0.004709479844977826,0.004527925836283808,0.006315365326875488,0.003504203950353002,0.00585376546813654,0.0025790149887734426,0.036498796829773195,0.04308151325306531,0.033642437476484544,0.03314005189604008,0.030722079213226117,0.034678527934550285
2013-08,2902.1055482844,1817.6247252643,2374.7058843325,2917.9435758723,3695.4985382346,6020.1655844638,0.002812442764458467,0.006234709082492795,0.0060390541122585795,0.0034841937832725822,0.0003029526554267914,0.0005642935516059211,0.034405332541805445,0.044377408213090996,0.03648909037193371,0.029608711035189028,0.02631741635459206,0.03420966204143827
2013-09,2910.6233334865,1826.9843218676,2385.0153742094,2924.8103777331,3707.859973892,6016.3258546918,0.002935036324621443,0.005149355900150976,0.004341375470924058,0.0023533017970531755,0.0033449981185234012,-0.0006378113223179938,0.035743750214660475,0.046909078886265165,0.037070003261912454,0.03089314765655371,0.027535655795303926,0.03271788718183477
2013-10,2911.5306253258,1829.5052672925,2389.2105485954,2922.926593025,3712.005272729,6019.310549108,0.0003117173661262296,0.0013798396596655937,0.0017589716323695992,-0.000644070713931244,0.0011179761010899902,0.0004960991954703342,0.035050397233705954,0.04830251335206115,0.03655287451343692,0.027924218611589557,0.030572822781649522,0.03121688965730951
2013-11,2906.6827373004,1831.3088191067,2381.9525488316,2904.9867138375,3701.5678357043,6019.3372303615,-0.0016650650977980685,0.0009858139500571461,-0.0030378234216599243,-0.006137642741459892,-0.002811805549248758,4.432609562510237e-06,0.03213872476222601,0.04694697824697247,0.03210952111459009,0.01973390110442641,0.028206323873272154,0.030017220279241252
2013-12,2896.7169229915,1825.5499709708,2371.8266446509,2895.5234331598,3675.5515352205,5994.7905341546,-0.003428586883945872,-0.0031446624817267343,-0.004251093996673783,-0.00325759860884145,-0.007028454330312073,-0.00407797324979331,0.02984925179561393,0.043084990135777934,0.028104372885764173,0.02236631307876258,0.024483961806868404,0.02369513326455408
2014-01,2900.2037524213,1828.1748485682,2370.4808064625,2903.2888006573,3680.1456022523,6014.0488919699,0.0012037176992081289,0.0014378557909342504,-0.0005674268781132863,0.0026818527553844618,0.001249898685347528,0.0032125155508899716,0.029776373162667014,0.04097539500983083,0.027750473021094235,0.028136828260516333,0.02630459196830648,0.0220950286037096
2014-02,2906.3460978973,1825.6239723816,2372.6849167787,2908.980376943,3687.1388471174,6021.4765209082,0.002117901361541108,-0.0013953130296032734,0.0009298157193220469,0.001960389295206033,0.0019002630930744502,0.0012350463176675763,0.027865442000270413,0.03652097972079593,0.024268309060317073,0.02314312839205357,0.023125970320482248,0.02044280073575777
2014-03,2918.6045408156,1831.2222485558,2379.7091626991,2919.1458614693,3707.7650012446,6065.1301547591,0.0042178193874324865,0.0030665001440011164,0.002960463005739822,0.0034945180816183807,0.005594081205627877,0.0072496560767649765,0.029700444142222393,0.03393421658615625,0.025552312179561998,0.024828408883543096,0.02474787608124429,0.025986794968012594
2014-04,2938.5750448079,1846.3516337207,2395.9026747396,2938.1753193629,3741.3750120619,6088.330699181,0.006842483698294766,0.008261905498817335,0.006804828209399094,0.006518844482824804,0.009064762951810135,0.0038252343857279048,0.033036704533784045,0.03813990740504103,0.0335448681861068,0.0290099127006076,0.028205298501297937,0.025373805276012407
2014-05,2963.3082550602,1863.9880663437,2410.1198056534,2966.1489568552,3779.2322699363,6141.4285948771,0.008416735960512511,0.009552044313173358,0.005933935073278773,0.009520751640635705,0.010118541379132262,0.00872125683042202,0.03320205687181477,0.03949511299057029,0.031135822969133198,0.029671349255832036,0.03164955737255992,0.029464341921067394
2014-06,2977.1962809555,1868.135979725,2416.9893827137,2983.8514917699,3811.8117447899,6172.6798795514,0.004686662574365785,0.002225289665848784,0.002850305218929705,0.00596818810255173,0.008620659574900769,0.005088601811696902,0.03360470680890115,0.038880444927162916,0.030419000780716576,0.029745841705892007,0.037826619461839295,0.028558336692203534
2014-07,2989.3412334668,1872.7785680017,2428.7261292765,3002.5108084321,3820.3708875884,6182.9418654994,0.004079325434130476,0.0024851447255909154,0.004855936334160704,0.006253433427791721,0.002245426419654306,0.0016624847146204935,0.032956429293724776,0.03676780545285574,0.028924615008424137,0.0325669635418977,0.03410358292797944,0.027618056833741633
2014-08,3007.4705002849,1889.365110588,2443.3225234519,3018.4879535066,3830.474367923,6194.5528017712,0.00606463611953556,0.008856649082650714,0.006009897122384977,0.0053212614687783155,0.0026446333698710855,0.00187789834101304,0.03630638177952816,0.03946930536679871,0.02889479474999801,0.034457272740184175,0.03652438995494234,0.028967179533639476
2014-09,3010.0048658839,1891.1126686916,2448.355881637,3022.294274913,3825.4043269177,6195.460386578,0.0008426900941371773,0.0009249446249466331,0.0020600465705153947,0.0012610026824781961,-0.001323606561045687,0.00014651337002735687,0.0341444154776136,0.03510065524724704,0.026557693553064254,0.03332998881638827,0.03170140022907009,0.029774738970713033
2014-10,3009.3201271803,1897.4269512357,2445.6366975302,3017.171257557,3819.1035046795,6186.9441627318,-0.00022748757364510208,0.0033389245646948673,-0.0011106163639013067,-0.0016950756246750798,-0.0016470996788140457,-0.001374590960931621,0.03358697346470718,0.03712571106379903,0.023617068394400142,0.03224325398964756,0.028851853400456928,0.027849304709597122
2014-11,3002.4634804284,1891.3634563547,2444.8400605794,3010.9055760977,3815.3230113365,6164.4107398533,-0.0022784703727497524,-0.003195640747619355,-0.00032573805897029295,-0.0020766741177209447,-0.0009898902552308853,-0.0036420924911905184,0.03295190833828565,0.03279328785043156,0.02640166437347702,0.03646104877370715,0.03073161986522277,0.02410124303387584
2014-12,3001.7145708182,1895.4853170952,2443.4079954764,3005.0595316486,3802.488481821,6180.4027888526,-0.00024943171335189973,0.0021793065350030894,-0.000585750015344777,-0.0019416233094484703,-0.0033639430992774555,0.002594254288720732,0.03624712066040159,0.03830919297553348,0.030179840920049994,0.037829463659103224,0.034535482738887735,0.030962258587768243
2015-01,3009.866926045,1902.9424269751,2449.4870134524,3019.8315049681,3800.9888345158,6199.7113379511,0.002715899541567035,0.003934142782666461,0.0024879258753569555,0.004915700725368399,-0.00039438575879169324,0.0031241570748958836,0.03781223078969709,0.04089738925434672,0.033329190759321836,0.04014161604743394,0.032836535649443555,0.030871456038393807
2015-02,3022.9016240744,1911.3757172256,2461.452795068,3023.3222037144,3824.7714315078,6220.437228845,0.004330655922561766,0.004431710666047639,0.004885015331734799,0.0011559250046093705,0.006256949974710935,0.003343041274684433,0.04010380121673274,0.046971197870574244,0.03741241732586076,0.03930649641973871,0.0373277465528592,0.033041847335276486
2015-03,3040.1924879033,1914.9105728386,2472.7570116157,3038.0144055944,3856.5758945169,6262.9669401778,0.005719955850099545,0.0018493776922785532,0.0045924978006282036,0.00485962159836939,0.008315389188253253,0.006837093562424235,0.04165961691189657,0.04570080139032884,0.03910051294296135,0.04072031675226717,0.04013493121121425,0.03261872051722814
2015-04,3060.6389301416,1928.4369050862,2487.2278530038,3059.2188788366,3883.015440077,6311.4486984813,0.006725377527789789,0.007063688737980689,0.0058521081206621695,0.0069797145145700235,0.0068557047192279175,0.007741020951664845,0.04153846114951931,0.044458092308280905,0.038117232067502727,0.04119684713026128,0.03785785374587225,0.036646826580940095
2015-05,3085.4224924501,1946.7285215566,2510.3464685319,3087.2797488833,3917.5686733745,6349.9067115478,0.008097512602492252,0.009485203494164818,0.009294932709996706,0.009172560433914123,0.008898556761034904,0.006093373313127648,0.041208752812460725,0.04438894041591124,0.0415857596138578,0.04083773060289131,0.036604366590183623,0.03394619239644059
2015-06,3103.8808330685,1962.8774910839,2530.5751140482,3106.0277453922,3943.6395725049,6364.859774238,0.005982435359684679,0.008295439938583282,0.00805810901796744,0.006072658791507868,0.006654867164828326,0.002354847617368261,0.04255162916982491,0.05071446210936226,0.04699471671115507,0.04094582252477652,0.03458403419192635,0.03113394804795333
2015-07,3119.091181017,1977.5062473619,2544.2139388605,3121.3769113145,3955.7854946062,6365.7356028628,0.004900429097164372,0.007452709781659461,0.005389614691374334,0.004941734968423983,0.003079876311715024,0.00013760375811355807,0.04340419424105901,0.05592101551650441,0.047550774948183605,0.039588900912057357,0.03544540857478884,0.029564201207095797
2015-08,3130.6744030438,1984.3819925699,2556.7895948378,3133.1222944584,3966.9586527572,6382.4788541767,0.00371365290546688,0.0034769777426355564,0.004942845326495027,0.003762885251481496,0.002824510622791543,0.002630214692920907,0.04096595552549176,0.050290376089526134,0.04643966168886893,0.037977405481651294,0.035631170378567445,0.030337307376210765
2015-09,3131.8732591631,1992.8289288517,2560.3183805333,3134.6432650926,3957.2140424132,6362.6645137175,0.0003829386148028746,0.004256708795699504,0.0013801627254055315,0.00048544885620649403,-0.0024564436378048393,-0.003104489793371412,0.04048777284730831,0.05378646224736805,0.0457296668903544,0.037173411971219705,0.03445641407576505,0.026988168224226783
2015-10,3126.4870388212,1995.5991560392,2555.6931030187,3118.4419858526,3945.2189843964,6362.553783006,-0.0017198078900995117,0.0013900978390031238,-0.0018065243564109323,-0.005168460290335908,-0.0030311875699007285,-1.7403198182330826e-05,0.03893467849520005,0.05173964918099494,0.04500112612786844,0.0335647928641607,0.033022273306385186,0.02838390256243417
2015-11,3114.6818768784,1995.4082011646,2549.6873415402,3100.6271940577,3924.3708341482,6313.8728413284,-0.0037758550719118045,-9.568799125914129e-05,-0.00234995409715133,-0.005712721889879702,-0.0052844088834246294,-0.007651163878193756,0.0373754409275906,0.05501044469286165,0.04288512882758977,0.029798881330673987,0.028581544075740206,0.02424596734101736
2015-12,3107.371971318,1997.5862393151,2540.5166435664,3091.7407550167,3909.2029188855,6298.1084281429,-0.0023469188345252023,0.0010915251071077492,-0.0035967931535716424,-0.00286601338530168,-0.0038650565667025516,-0.0024967897804832884,0.035199016431132435,0.05386531950369755,0.039743116282578095,0.02884509356809506,0.028064368261648154,0.019044978670743395
2016-01,3104.4231827908,1996.551743589,2544.3099861399,3095.04445301,3903.5217513313,6278.8650568858,-0.0009489654133518766,-0.0005178728736411342,0.0014931382493030831,0.0010685559544212353,-0.0014532802906581654,-0.0030554207627025987,0.03141542768139849,0.04919188057764856,0.038711359630297926,0.02490633928355357,0.026975327021333317,0.012767323286515975
2016-02,3106.5957085367,2000.5225741969,2544.3472412119,3098.2382007766,3907.8346368925,6289.3885334179,0.0006998162357318982,0.001988844326549888,1.4642505120399107e-05,0.0010318907579807135,0.001104870380119971,0.0016760157188853153,0.027686671572690225,0.046640153564730946,0.033677040774454436,0.024779362573449593,0.02171716843010274,0.01108463955767669
2016-03,3115.8968629276,2004.0816052532,2549.7258922764,3114.862111055,3922.4135605393,6302.4848581334,0.0029940022016192724,0.0017790506851584897,0.00211396108887163,0.005365601093625605,0.003730691035174649,0.0020822890247460535,0.0249011782397075,0.04656668237118544,0.03112674650163405,0.025295372306032293,0.017071533874389644,0.006309775915003923
2016-04,3132.3752618398,2012.3480233328,2563.2456770613,3133.9144248532,3945.1857961343,6322.7207572281,0.005288493052596488,0.004124791155176277,0.00530244636329491,0.006116583373171336,0.005805669199213437,0.0032107810728947417,0.023438351708765737,0.04351250384458338,0.03056327306953155,0.02441654192622078,0.01601084441118439,0.0017859701132503236
2016-05,3154.5772769534,2028.0809923579,2576.6693984566,3159.5152799815,3974.4695982161,6354.7934093624,0.007087916758913515,0.007818214763390285,0.0052370014764602235,0.0081689707049033,0.007422667421771223,0.005072602976754048,0.022413392225058004,0.04178932496260468,0.02641983118907376,0.023397792546764995,0.014524550706238593,0.0007695700167866804
2016-06,3169.4560186482,2035.2947995548,2594.0211852656,3173.6272166569,3994.0031846085,6370.2880465116,0.004716556415815365,0.0035569620858746376,0.006734192139431272,0.004466487870722569,0.004914765583102554,0.0024382597751129165,0.02112683737116039,0.03689344281537976,0.025071799238515435,0.02176396246459289,0.012770845605347692,0.0008528502537592519
2016-07,3175.4255763474,2041.5485739869,2602.1320080827,3183.8895907732,4002.7792770932,6372.7259929789,0.0018834644380854026,0.0030726627088459857,0.003126737307763916,0.0032336419546812323,0.0021973173477978225,0.00038270584461796986,0.01806115693996202,0.03238539787696548,0.022764622242475552,0.0200272768187979,0.011879760050456989,0.001098127624552303
2016-08,3179.0073109669,2046.252749266,2603.3031593008,3186.7707014632,4009.0256867915,6346.9368750245,0.00112795420121925,0.0023042191300466364,0.0004500737143473543,0.0009049028265142312,0.0015605181464903861,-0.00404679535614938,0.015438497173678734,0.03117885413582777,0.018192175279855505,0.0171229853043684,0.01060435404464366,-0.005568679499649454
2016-09,3171.0125405571,2046.4226775369,2596.2754555518,3179.726106406,3997.2502268072,6319.1726284209,-0.002514863801105438,8.304363718569796e-05,-0.0026995333693243806,-0.0022105748160561323,-0.0029372373499867432,-0.004374432446753063,0.012497083424269473,0.026893301230869637,0.014043985815158644,0.014382128204329492,0.010117265319715907,-0.006835483028035605
2016-10,3153.7067087277,2041.8908009731,2581.8824471297,3165.8262517916,3965.2189109797,6275.6846959527,-0.005457509741150224,-0.002214535938027451,-0.005543713935022732,-0.004371399972594059,-0.008013337672153842,-0.006881902904916637,0.008706151526783001,0.023196865359363272,0.010247452669518653,0.015194852478887855,0.00506940848211479,-0.013653179213246491
2016-11,3134.5724376459,2041.0120931937,2559.3403194568,3140.3664179298,3941.0350326344,6241.1155772557,-0.006067232260009159,-0.0004303402410067436,-0.008730888463942321,-0.008042081856953431,-0.006099002069806181,-0.005508421849060419,0.00638606495101679,0.022854417458284315,0.0037859457351223647,0.012816511429771138,0.004246336340387291,-0.011523397113172074
2016-12,3122.7886043008,2033.246772476,2556.6007719564,3126.3787103056,3920.2455130733,6214.9402970184,-0.0037593112233035297,-0.003804642188841245,-0.0010704115742534714,-0.004454164184261256,-0.0052751420347570965,-0.004194006650460103,0.004961309146475079,0.017851811580924082,0.006331046258142514,0.011203382829784836,0.0028247687359623797,-0.01320525552606655
2017-01,3112.916557564,2029.5258773425,2543.5549187095,3109.2225637796,3906.7277262406,6201.6486811518,-0.0031612920334102013,-0.0018300263322039712,-0.005102812058105144,-0.005487545852793763,-0.00344819904458038,-0.0021386554385690593,0.0027358946487330282,0.016515541788176158,-0.0002967670741825801,0.004580906990144129,0.000821303200938095,-0.012297823736364566
2017-02,3111.3880737417,2030.3131335478,2546.3820050641,3101.34020518,3907.6572233799,6187.6442474128,-0.000491013425524045,0.000387901536062607,0.001111470538263326,-0.0025351541865881178,0.0002379221702748513,-0.002258179148645234,0.001542642060513577,0.014891388747692247,0.0007997194012052677,0.0010012155949217227,-4.539944216797043e-05,-0.016177134782577762
2017-03,3117.3212894832,2030.4383822724,2553.9485603129,3106.5694375963,3916.4439811443,6192.5258662493,0.0019069352973268838,6.168936334538522e-05,0.002971492585853941,0.0016861202158879873,0.002248599931393036,0.0007889301067269816,0.0004571481721835635,0.013151548794276824,0.0016561262719618774,-0.0026622923144071775,-0.0015219148370930746,-0.017446926785107175
2017-04,3131.6123279475,2033.6179386989,2563.7628684911,3123.0460772623,3932.5945109894,6235.7384764711,0.004584397031038634,0.0015659457850385472,0.0038427979054509454,0.005303805370192816,0.004123773995710511,0.006978188085950299,-0.00024356401405478678,0.010569700230516288,0.00020177208701799287,-0.0034679784185266405,-0.0031915569495453155,-0.013757096683032044
2017-05,3148.3731493554,2045.8672443991,2576.9797133144,3143.1171866965,3962.4083100912,6265.9767466725,0.005352138021146757,0.006023405609825172,0.005155252455574688,0.006426773392915974,0.007581203457027286,0.00484918832236092,-0.001966706488164327,0.008769990995537658,0.00012043254675431214,-0.005190066143657357,-0.0030346912529697345,-0.013976325738465079
2017-06,3164.7209296241,2059.6420553556,2587.5759755437,3161.6062838069,3987.7489634008,6287.8204660018,0.005192453210969283,0.0067329935479494285,0.004111891985238536,0.005882407817518365,0.006395265537139316,0.0034860836885326485,-0.0014939753056171234,0.011962520518465247,-0.002484640356258172,-0.003787758305987432,-0.0015659029095923538,-0.012945659585198777
2017-07,3175.8539449951,2064.460468843,2597.1166515747,3178.3183401782,4001.2833742878,6315.1632598207,0.0035178505841657604,0.002339442173882045,0.0036871095268979914,0.005285938498065246,0.0033939977193191417,0.004348532844845376,0.00013490117699221926,0.011222801724161569,-0.0019274027960232143,-0.0017498253115136864,-0.00037371603624525296,-0.009032670355138328
2017-08,3184.4057617799,2069.1489940204,2601.9488606197,3185.221082574,4014.3206805972,6314.2480331511,0.0026927613589651234,0.002271065611650025,0.0018606053147709467,0.0021718222207449678,0.003258281178778244,-0.00014492525876930173,0.0016981561490521102,0.011189353203123753,-0.0005202231927009526,-0.00048626620311553737,0.0013207682413074462,-0.005150333541528163
2017-09,3175.5634083451,2067.0347018917,2587.1634225806,3173.2762869608,4000.5243839424,6313.6988971494,-0.0027767671886944623,-0.0010218172469986797,-0.005682447592601281,-0.003750067986975414,-0.0034367699425416065,-8.696775907701682e-05,0.0014351465753588144,0.010072222410870246,-0.0035096557076464974,-0.002028419816475946,0.0008191023702350808,-0.0008662101185337168
2017-10,3158.5006770855,2060.0669329192,2570.4320866322,3153.7674922278,3966.4185193717,6282.1232671856,-0.005373135115098293,-0.003370900820447331,-0.006467058015110272,-0.0061478399511453174,-0.00852534850371045,-0.005001130158116429,0.0015201059580247644,0.008901618018670732,-0.004434888393245462,-0.0038090402330119844,0.0003025327022116997,0.001025955181759075
2017-11,3135.630304598,2050.0773542025,2554.3215490048,3119.5731625709,3946.7198865184,6222.116968056,-0.007240895230265831,-0.004849152499401765,-0.0062676379240612645,-0.010842374950331357,-0.004966352581577849,-0.009551913672729118,0.0003374836514846713,0.004441551835498991,-0.00196096252375888,-0.006621283185357485,0.0014424773788930256,-0.0030441046900231417
2017-12,3125.319981621,2047.4442548368,2538.4969012199,3100.2556977222,3936.6230662024,6233.880606908,-0.003288118169377685,-0.001284390250105627,-0.006195244992184157,-0.006192342298771525,-0.0025582814606351922,0.0018906167968866239,0.0008106143709867286,0.006982665632618179,-0.007081227125909972,-0.008355677607863043,0.004177685574662027,0.0030475449456346393
2018-01,3116.1005247727,2044.0454369087,2532.9391093798,3101.6680147564,3915.3212545868,6212.4092580313,-0.0029499241365738005,-0.0016600295319741942,-0.0021894026490357765,0.00045554856499041563,-0.005411189046389819,-0.003444299021849506,0.0010228244637535688,0.007154163308926043,-0.004173611213036388,-0.002429722822420377,0.0021996742410481662,0.0017351155205234114
2018-02,3128.188489209,2053.1322890421,2542.1319338591,3105.8540316334,3926.1353516357,6223.176742587,0.003879195918168321,0.004445523553107789,0.003629311279240044,0.00134960184555033,0.0027619948264094862,0.0017332220252199715,0.0053996528459712145,0.01123922961303303,-0.0016690626923013818,0.00145544382582119,0.004728697324126285,0.005742491609639133
2018-03,3139.0567309418,2054.9342721654,2557.428584659,3116.7897867762,3934.4536004552,6231.4658310071,0.0034742924763937477,0.0008776751176324815,0.0060172529191586666,0.003521013876189416,0.00211868620780864,0.0013319705936318815,0.006972473941626811,0.01206433551831565,0.0013626054965154566,0.0032899149319540744,0.0045984621247252555,0.006288219960457919
2018-04,3158.2748799785,2063.8642360651,2573.55960403,3132.5642151962,3965.7754407181,6288.8100460386,0.006122268784525486,0.004345620208226819,0.006307515082831117,0.005061113998424682,0.007960912351152372,0.009202363711305672,0.008514001491517487,0.01487314642078319,0.0038212331020559542,0.0030477097354399962,0.008437414443817737,0.008510871610115212
2018-05,3187.6704890286,2075.4324562685,2589.4721756096,3172.322993053,4008.9498950542,6349.4978363567,0.009307489109465994,0.0056051265394547745,0.006183098131740117,0.0126920870971865,0.010886762243976777,0.00965012297617851,0.012481792280958137,0.014451187852163816,0.0048477146446499475,0.00929198773756057,0.011745782191217247,0.013329300931184118
2018-06,3212.1111359178,2089.2479754293,2605.2910783459,3202.1889928317,4046.0317825934,6402.3154288445,0.007667243830038251,0.00665669418393855,0.0061089294124490046,0.009414551999939125,0.009249775754231138,0.008318388926029874,0.014974529302123507,0.014374303533333244,0.00684621551971154,0.012836104619558864,0.014615468457897851,0.018209006357890356
