Area,Boro,AreaType,2010-01,2010-02,2010-03,2010-04,2010-05,2010-06,2010-07,2010-08,2010-09,2010-10,2010-11,2010-12,2011-01,2011-02,2011-03,2011-04,2011-05,2011-06,2011-07,2011-08,2011-09,2011-10,2011-11,2011-12,2012-01,2012-02,2012-03,2012-04,2012-05,2012-06,2012-07,2012-08,2012-09,2012-10,2012-11,2012-12,2013-01,2013-02,2013-03,2013-04,2013-05,2013-06,2013-07,2013-08,2013-09,2013-10,2013-11,2013-12,2014-01,2014-02,2014-03,2014-04,2014-05,2014-06,2014-07,2014-08,2014-09,2014-10,2014-11,2014-12,2015-01,2015-02,2015-03,2015-04,2015-05,2015-06,2015-07,2015-08,2015-09,2015-10,2015-11,2015-12,2016-01,2016-02,2016-03,2016-04,2016-05,2016-06,2016-07,2016-08,2016-09,2016-10,2016-11,2016-12,2017-01,2017-02,2017-03,2017-04,2017-05,2017-06,2017-07,2017-08,2017-09,2017-10,2017-11,2017-12,2018-01,2018-02,2018-03,2018-04,2018-05,2018-06
All Downtown,Manhattan,submarket,3000.0,2975.0,2900.0,2975.0,2995.0,3000.0,3000.0,3000.0,3200.0,3200.0,3110.0,3195.0,3195.0,3200.0,3199.0,3200.0,3200.0,3297.5,3200.0,3250.0,3367.0,3400.0,3300.0,3285.0,3250.0,3250.0,3312.5,3350.0,3365.0,3300.0,3300.0,3295.0,3395.0,3395.0,3325.0,3352.5,3300.0,3350.0,3400.0,3397.0,3350.0,3300.0,3350.0,3400.0,3450.0,3495.0,3529.0,3500.0,3500.0,3500.0,3495.0,3450.0,3492.0,3410.0,3450.0,3477.0,3495.0,3495.0,3457.5,3500.0,3500.0,3500.0,3512.5,3550.0,3500.0,3500.0,3500.0,3595.0,3600.0,3599.5,3550.0,3600.0,3595.0,3600.0,3650.0,3695.0,3695.0,3695.0,3650.0,3558.0,3575.0,3587.5,3531.0,3500.0,3500.0,3582.0,3532.0,3539.5,3530.0,3500.0,3500.0,3550.0,3520.0,3500.0,3500.0,3500.0,3532.5,3599.0,3595.0,3590.0,3525.0,3525.0
All Midtown,Manhattan,submarket,2800.0,2800.0,2850.0,2895.0,2900.0,2954.0,3000.0,3000.0,3095.0,3020.0,3000.0,3000.0,3000.0,3000.0,3050.0,3100.0,3200.0,3200.0,3250.0,3265.0,3227.0,3225.0,3250.0,3250.0,3225.0,3200.0,3200.0,3295.0,3350.0,3335.0,3300.0,3300.0,3300.0,3300.0,3300.0,3300.0,3300.0,3300.0,3300.0,3300.0,3300.0,3380.0,3350.0,3395.0,3395.0,3350.0,3350.0,3394.5,3350.0,3377.5,3400.0,3440.0,3450.0,3500.0,3495.0,3450.0,3400.0,3450.0,3450.0,3495.0,3480.0,3495.0,3495.0,3500.0,3567.0,3578.0,3561.0,3550.0,3500.0,3500.0,3492.5,3495.0,3480.0,3500.0,3500.0,3554.5,3600.0,3595.0,3500.0,3500.0,3500.0,3500.0,3475.0,3495.0,3450.0,3495.0,3500.0,3500.0,3535.0,3525.0,3500.0,3500.0,3500.0,3495.0,3300.0,3350.0,3387.0,3395.0,3392.0,3400.0,3500.0,3518.0
All Upper East Side,Manhattan,submarket,2350.0,2300.0,2325.0,2450.0,2500.0,2500.0,2500.0,2490.0,2500.0,2500.0,2400.0,2500.0,2495.0,2450.0,2400.0,2500.0,2600.0,2600.0,2555.0,2600.0,2650.0,2700.0,2700.0,2695.0,2625.0,2650.0,2600.0,2650.0,2600.0,2650.0,2650.0,2637.5,2700.0,2600.0,2650.0,2695.0,2650.0,2750.0,2750.0,2699.5,2700.0,2695.0,2650.0,2795.0,2775.0,2750.0,2700.0,2725.0,2695.0,2699.0,2650.0,2650.0,2650.0,2600.0,2650.0,2575.0,2600.0,2650.0,2700.0,2795.0,2792.5,2847.5,2850.0,2750.0,2795.0,2800.0,2800.0,2850.0,2950.0,2850.0,2800.0,2895.0,2900.0,2895.0,2950.0,2895.0,2890.0,2800.0,2750.0,2750.0,2795.0,2795.0,2800.0,2875.0,2800.0,2800.0,2850.0,2850.0,2800.0,2800.0,2800.0,2795.0,2850.0,2795.0,2799.5,2800.0,2800.0,2784.0,2775.0,2700.0,2700.0,2800.0
All Upper Manhattan,Manhattan,submarket,1500.0,1508.0,1540.0,1516.0,1550.0,1585.0,1550.0,1550.0,1600.0,1600.0,1550.0,1550.0,1550.0,1595.0,1600.0,1600.0,1600.0,1600.0,1700.0,1750.0,1797.0,1695.0,1697.5,1650.0,1647.5,1650.0,1700.0,1675.0,1700.0,1650.0,1651.5,1762.5,1725.0,1750.0,1750.0,1695.0,1700.0,1700.0,1700.0,1675.0,1700.0,1750.0,1775.0,1795.0,1800.0,1725.0,1700.0,1700.0,1725.0,1700.0,1675.0,1750.0,1800.0,1795.0,1775.0,1750.0,1750.0,1775.0,1772.5,1750.0,1789.0,1800.0,1800.0,1850.0,1850.0,1900.0,1900.0,1900.0,1895.0,1850.0,1850.0,1850.0,1866.0,1890.0,1908.0,1900.0,1950.0,1950.0,1952.5,1950.0,1900.0,1950.0,1900.0,1950.0,1965.0,1950.0,1927.5,1950.0,1941.0,1950.0,1977.5,1995.0,1975.0,1965.0,1900.0,1925.0,1935.0,1950.0,1950.0,1995.0,2000.0,2000.0
All Upper West Side,Manhattan,submarket,2600.0,2550.0,2497.0,2500.0,2500.0,2600.0,2600.0,2650.0,2750.0,2800.0,2800.0,2700.0,2700.0,2750.0,2775.0,2800.0,2800.0,2900.0,2850.0,2945.0,2900.0,2900.0,2975.0,3000.0,3000.0,2950.0,2900.0,2950.0,2900.0,2950.0,2995.0,2950.0,2995.0,2990.0,2997.5,2995.0,2950.0,2972.5,3000.0,3000.0,3000.0,2900.0,2850.0,2950.0,3000.0,3000.0,2950.0,2995.0,2950.0,2995.0,3000.0,3100.0,3100.0,3000.0,3000.0,2995.0,3050.0,3050.0,3000.0,3000.0,3095.0,3100.0,3100.0,3150.0,3150.0,3150.0,3250.0,3250.0,3300.0,3250.0,3200.0,3200.0,3200.0,3200.0,3200.0,3250.0,3250.0,3162.0,3195.0,3195.0,3200.0,3200.0,3140.0,3100.0,3100.0,3100.0,3100.0,3100.0,3100.0,3100.0,3100.0,3129.0,3100.0,3097.0,3050.0,3140.0,3100.0,3080.0,3083.5,3100.0,3139.0,3100.0
Alley Park,Queens,neighborhood,,,,,,,,,,,,,,,,,,,,,,,,,,,,,,,,,,,,,,,,,,,,,,,,,,,,,,,,,,,,,,,,,,,,,,,,,,,,,,,,,,,,,,,,,,,,,,,,,,,,,,
Astoria,Queens,neighborhood,1395.0,1450.0,1450.0,1395.0,1450.0,1600.0,1500.0,1450.0,1500.0,1600.0,1545.0,1450.0,1450.0,1450.0,1600.0,1725.0,1900.0,1900.0,1700.0,1850.0,1900.0,1850.0,1800.0,1850.0,1633.0,1795.0,1795.0,1850.0,1800.0,1700.0,1997.5,2000.0,2175.0,2100.0,1950.0,1797.5,1645.0,1725.0,1699.5,1750.0,1900.0,1850.0,1950.0,1850.0,1900.0,1900.0,1850.0,1800.0,1800.0,1800.0,1800.0,1800.0,1800.0,1800.0,1800.0,1800.0,1800.0,1850.0,1850.0,1800.0,1897.5,1850.0,1899.0,1875.0,1900.0,1900.0,1900.0,2000.0,1900.0,1900.0,1900.0,1900.0,1937.5,1975.0,1950.0,1995.0,1950.0,2000.0,1900.0,1999.0,2000.0,2000.0,2000.0,2000.0,2000.0,1945.0,1900.0,1900.0,1900.0,1900.0,1900.0,1950.0,1900.0,1899.0,1850.0,1850.0,1850.0,1850.0,1850.0,1875.0,1900.0,1850.0
Auburndale,Queens,neighborhood,,,,,,,,,,,,,,,,,,,,,,,,,,,,,,,,,,,,,,,,,,,,,,,,,,,,,,,,,,,,,,,,,,,,,,,,,,,,,,,,,,,,,,,,,,,,,,1425.0,,,,,,,,
Bath Beach,Brooklyn,neighborhood,,,,,,,,,,,,,,,,,,,,,,,,,,,,,,,,,,,,,,,,,,,,,,,,,,,,,,,,,,,,,,,,,,,,,,,,,,,,,,,,,,,,,,,1475.0,,,1450.0,1400.0,,,,,,1525.0,,1550.0,,1550.0,1625.0
Battery Park City,Manhattan,neighborhood,2875.0,2800.0,2900.0,2850.0,2800.0,2900.0,2950.0,2975.0,3025.0,3085.0,3000.0,3045.0,2955.0,2897.5,2950.0,2835.0,2972.5,3100.0,3150.0,3150.0,3197.5,3135.0,3000.0,3067.5,3120.0,3175.0,3200.0,3200.0,3200.0,3215.0,3295.0,3300.0,3200.0,3225.0,3150.0,3250.0,3295.0,3200.0,3250.0,3250.0,3422.5,3342.5,3255.0,3325.0,3297.5,3350.0,3385.0,3350.0,3385.0,3325.0,3450.0,3275.0,3330.0,3500.0,3550.0,3500.0,3600.0,3400.0,3300.0,3295.0,3400.0,3565.0,3600.0,3600.0,3740.0,3790.0,3765.0,3800.0,3835.0,3837.5,3830.0,3700.0,3550.0,3612.5,3660.0,3792.5,3930.0,3870.0,3865.0,3700.0,3600.0,3572.5,3559.5,3595.0,3600.0,3570.0,3525.0,3500.0,3600.0,3700.0,3700.0,3600.0,3550.0,3567.5,3489.0,3595.0,3514.0,3547.5,3600.0,3600.0,3700.0,3700.0
Bay Ridge,Brooklyn,neighborhood,1325.0,1350.0,1350.0,1325.0,1300.0,1300.0,1300.0,1300.0,1300.0,1300.0,1300.0,1300.0,1300.0,1400.0,1300.0,1300.0,1300.0,1300.0,1350.0,1437.5,1475.0,1450.0,1350.0,1350.0,1395.0,1300.0,1295.0,1325.0,,1325.0,1350.0,1400.0,1450.0,1450.0,1450.0,1495.0,1425.0,1425.0,1425.0,1495.0,1525.0,1525.0,1500.0,1495.0,1550.0,1500.0,1500.0,1500.0,1550.0,1550.0,1550.0,1525.0,1525.0,1500.0,1450.0,1500.0,1500.0,1550.0,1550.0,1550.0,1525.0,1525.0,1597.5,1600.0,1600.0,1600.0,1600.0,1650.0,1700.0,1675.0,1650.0,1650.0,1600.0,1600.0,1650.0,1650.0,1650.0,1700.0,1700.0,1650.0,1650.0,1672.5,1700.0,1675.0,1650.0,1650.0,1625.0,1647.5,1650.0,1650.0,1650.0,1650.0,1600.0,1650.0,1675.0,1650.0,1650.0,1675.0,1650.0,1675.0,1675.0,1699.0
Baychester,Bronx,neighborhood,,,,,,,,,,,,,,,,,,,,,,,,,,,,,,,,,,,,,,,,,,,,,,,,,,,,,,,,,,,,,,,,,,,,,,,,,,,,,,,,,,,,,,,,,,,,,,,,,,,,,,
Bayside,Queens,neighborhood,,,,,,,,,,,,,,,,,,,,,,,,,,,,,,,,,,,,,,,,,,,,,,,,,,,,,,,,,1950.0,,,,,2100.0,,,,,,,,,,,,1875.0,1775.0,2100.0,1850.0,,,1747.5,,,,,,,,,,1800.0,2200.0,,1800.0,,,1775.0,,1725.0,1650.0,,1625.0,
Bedford Park,Bronx,neighborhood,,,,,,,,,,,,,,,,,,,,,,,,,,,,,,,,1050.0,,,,,,,,,,,,,,,,,,,,,,,1400.0,1400.0,1400.0,1400.0,1400.0,1387.5,1375.0,1400.0,1400.0,1400.0,1350.0,1312.0,1300.0,1300.0,1350.0,1395.0,1350.0,1300.0,1450.0,1437.5,1450.0,1450.0,1387.5,1450.0,1462.5,1450.0,1500.0,1450.0,1450.0,1450.0,1375.0,1400.0,1500.0,1500.0,1500.0,1550.0,1550.0,1550.0,1472.5,,,,,,,,,
Bedford-Stuyvesant,Brooklyn,neighborhood,1550.0,1450.0,1350.0,1400.0,1400.0,1350.0,1300.0,1367.5,1450.0,1500.0,1475.0,1425.0,1400.0,1400.0,1425.0,1400.0,1395.0,1397.5,1450.0,1450.0,1412.5,1500.0,1450.0,1450.0,1400.0,1500.0,1550.0,1550.0,1537.5,1525.0,1500.0,1450.0,1500.0,1500.0,1500.0,1575.0,1499.5,1650.0,1700.0,1725.0,1700.0,1650.0,1650.0,1725.0,1700.0,1695.0,1741.0,1750.0,1750.0,1700.0,1790.0,1750.0,1750.0,1750.0,1750.0,1800.0,1800.0,1800.0,1797.0,1761.5,1800.0,1800.0,1800.0,1924.5,1950.0,1925.0,1950.0,1950.0,1900.0,1900.0,1925.0,1900.0,1919.0,1925.0,1950.0,2000.0,2050.0,2100.0,2100.0,2099.0,2099.0,2000.0,1999.0,2000.0,2000.0,2000.0,2000.0,2050.0,2100.0,2100.0,2100.0,2100.0,2100.0,2100.0,2044.0,2000.0,2000.0,2000.0,2100.0,2150.0,2108.0,2150.0
Bellerose,Queens,neighborhood,,,,,,,,,,,,,,,,,,,,,,,,,,,,,,,,,,,,,,,,,,,,,,,,,,,,,,,,,,,,,,,,,,,,,,,,,,,,,,,,,,,,,,,,,,,,,,,,,,,,,,
Belmont,Bronx,neighborhood,,,,,,,,,,,,,,,,,,,,,,,,,,,,,,,,,,,,,,,,,,,,,,,,,,,,,,,,,,,,,,,,,,,,,,,,,,,,,,,,,,,,,,,,,,,,,,,,,,,,,,
Bensonhurst,Brooklyn,neighborhood,,,,,,,,,,,,,,,,1300.0,,,,,,,,,,,,,,,,,,,,,,,,,,,,,1300.0,,,,1300.0,1200.0,,,,1362.5,1350.0,1300.0,1300.0,1350.0,1300.0,1350.0,1400.0,1412.5,1412.5,1500.0,1450.0,1500.0,1425.0,1400.0,1450.0,1350.0,1400.0,1399.0,1399.0,1400.0,1412.5,1425.0,1500.0,1500.0,1550.0,1550.0,,1500.0,1450.0,,,1475.0,1475.0,1500.0,1550.0,1550.0,1500.0,,1570.0,1550.0,1522.5,1549.5,1572.5,1595.0,1505.0,1550.0,1650.0,1587.5
Bergen Beach,Brooklyn,neighborhood,,,,,,,,,,,,,,,,,,,,,,,,,,,,,,,,,,,,,,,,,,,,,,,,,,,,,,,,,,,,,,,,,,,,,,,,,,,,,,,,,,,,,,,,,,,,,,,,,,,,,,
Boerum Hill,Brooklyn,neighborhood,2000.0,1950.0,1950.0,2000.0,2050.0,2360.0,2355.0,2355.0,2200.0,2200.0,,,,2200.0,2325.0,,,2300.0,,,,,,,,,2500.0,,2350.0,2350.0,2350.0,2547.5,,2475.0,2450.0,2950.0,,2700.0,2825.0,2700.0,2625.0,2750.0,2500.0,2775.0,2700.0,2500.0,2500.0,2500.0,2300.0,2400.0,2475.0,2629.0,2650.0,2700.0,2500.0,2550.0,2600.0,2500.0,2599.0,2650.0,2650.0,2800.0,2800.0,2622.5,2512.5,2500.0,2600.0,2600.0,2700.0,2600.0,2500.0,2500.0,2525.0,2600.0,2575.0,2600.0,2650.0,2800.0,2595.0,2550.0,2520.0,2500.0,2455.0,2475.0,2550.0,2799.0,2797.5,2775.0,2600.0,2600.0,2628.0,2712.5,2800.0,2725.0,2650.0,2675.0,2425.0,2550.0,2525.0,2650.0,2768.0,2700.0
Borough Park,Brooklyn,neighborhood,,,,,,,,,,,,,,,,,,,,,,,,,,,,,,,,,,,,,,,,,,,,,,,,1250.0,1300.0,,,,,,,,1525.0,1400.0,1350.0,1425.0,1350.0,,1425.0,1495.0,1475.0,1475.0,1475.0,1475.0,1400.0,1499.0,1500.0,,1425.0,1450.0,1395.0,1425.0,1525.0,1500.0,1462.5,1590.0,2100.0,1650.0,1599.0,1650.0,2077.0,1662.5,1600.0,1600.0,1585.0,1582.5,1570.0,1550.0,1500.0,1500.0,1500.0,1500.0,1590.0,1500.0,1636.5,1590.0,1550.0,1600.0
Bowne Park,Queens,neighborhood,,,,,,,,,,,,,,,,,,,,,,,,,,,,,,,,,,,,,,,,,,,,,,,,,,,,,,,,,,,,,,,,,,,,,,,,,,,,,,,,,,,,,,,,,,,,,,,,,,,,,,
Briarwood,Queens,neighborhood,,,,,,,,,,,,,,,,,,,,,,,,,,,,,,,,,,,,,,,,,,1450.0,1512.5,,,,,1450.0,1472.5,,1500.0,1500.0,1525.0,1597.5,1595.0,1597.5,1622.5,1650.0,1625.0,1650.0,1650.0,1575.0,1555.0,1525.0,1537.5,1662.5,1650.0,1622.5,1650.0,1675.0,1695.0,1692.5,1650.0,1690.0,1695.0,1697.5,1750.0,1697.5,1750.0,1625.0,1595.0,1600.0,1599.0,1695.0,1550.0,1550.0,1600.0,1650.0,1650.0,1625.0,1625.0,1600.0,1612.5,1670.0,1600.0,1595.0,1624.5,1692.5,1699.0,1695.0,1675.0,1699.0
Brighton Beach,Brooklyn,neighborhood,,,,,,,,,,,,,,,,,,,,,,,,,,,,,,1612.5,1612.5,1650.0,1700.0,,,,,,,,1450.0,1400.0,1400.0,1400.0,1405.0,1580.0,1572.5,,,1425.0,,1825.0,1825.0,1700.0,1647.5,1437.5,1495.0,1550.0,1695.0,1475.0,1450.0,1695.0,1750.0,1800.0,1850.0,1597.5,1612.5,1597.0,1637.5,1695.0,1700.0,1700.0,1675.0,1662.0,1796.0,1800.0,1737.5,1797.5,1795.0,1775.0,1750.0,1772.5,1695.0,1695.0,1695.0,1650.0,1800.0,1775.0,1800.0,1812.5,1775.0,1735.0,1875.0,1795.0,1850.0,1837.5,1718.5,1895.0,1825.0,1744.0,1900.0,1925.0
Bronx,Bronx,borough,1400.0,1400.0,1400.0,1375.0,1400.0,1325.0,1200.0,1175.0,1250.0,1275.0,1325.0,1300.0,1450.0,1425.0,1300.0,1300.0,1300.0,1125.0,1250.0,1250.0,1200.0,1200.0,1200.0,1200.0,1200.0,1250.0,1200.0,1200.0,1200.0,1200.0,1285.0,1250.0,1150.0,1250.0,1275.0,1295.0,1250.0,1275.0,1275.0,1312.5,1300.0,1250.0,1250.0,1225.0,1225.0,1200.0,1200.0,1250.0,1225.0,1214.0,1350.0,1350.0,1400.0,1499.0,1400.0,1300.0,1300.0,1300.0,1350.0,1322.5,1350.0,1350.0,1375.0,1362.5,1349.0,1325.0,1300.0,1350.0,1350.0,1350.0,1395.0,1400.0,1450.0,1450.0,1425.0,1450.0,1450.0,1450.0,1450.0,1450.0,1495.0,1485.5,1450.0,1475.0,1475.0,1499.0,1500.0,1500.0,1512.0,1500.0,1550.0,1550.0,1560.0,1550.0,1562.5,1550.0,1550.0,1587.5,1550.0,1577.5,1599.5,1575.0
Bronxwood,Bronx,neighborhood,,,,,,,,,,,,,,,,,,,,,,,,,,,,,,,,,,,,,,,,,,,,,,,,,,,,,,,,,,,,,,,,,,,,,,,,,,,,,,,,,,,,1400.0,1449.0,1450.0,1475.0,1500.0,,1450.0,1450.0,,,1450.0,1462.5,1450.0,,1600.0,1450.0,1450.0,,1550.0
Brooklyn,Brooklyn,borough,1950.0,1940.0,1900.0,1950.0,2000.0,2000.0,2050.0,2000.0,2100.0,2095.0,1900.0,1900.0,1900.0,1900.0,1900.0,1900.0,2000.0,2050.0,2100.0,2100.0,2200.0,2200.0,2100.0,2300.0,2250.0,2250.0,2300.0,2336.5,2300.0,2200.0,2200.0,2262.5,2400.0,2375.0,2375.0,2400.0,2200.0,2250.0,2200.0,2200.0,2275.0,2300.0,2400.0,2450.0,2450.0,2375.0,2292.5,2344.0,2300.0,2200.0,2200.0,2200.0,2395.0,2315.0,2300.0,2300.0,2250.0,2200.0,2200.0,2250.0,2300.0,2300.0,2300.0,2300.0,2250.0,2200.0,2270.0,2300.0,2300.0,2300.0,2299.0,2250.0,2300.0,2300.0,2300.0,2395.0,2395.0,2350.0,2375.0,2350.0,2350.0,2319.0,2300.0,2270.0,2275.0,2250.0,2200.0,2250.0,2250.0,2295.0,2250.0,2300.0,2300.0,2299.0,2200.0,2195.0,2200.0,2200.0,2200.0,2250.0,2250.0,2297.0
Brooklyn Heights,Brooklyn,neighborhood,2000.0,1950.0,1875.0,1850.0,2200.0,2200.0,2395.0,2325.0,2500.0,2250.0,2350.0,2600.0,2075.0,2500.0,2550.0,2300.0,2300.0,2300.0,2400.0,2600.0,2700.0,2800.0,2600.0,2650.0,2695.0,2625.0,2580.0,2500.0,2500.0,2500.0,3000.0,3100.0,2700.0,2700.0,2750.0,2700.0,2675.0,2687.5,3136.0,2995.0,2800.0,2800.0,2950.0,2900.0,2900.0,2800.0,2750.0,2950.0,2750.0,2700.0,2862.5,3025.0,2860.0,2797.5,2785.0,2800.0,2750.0,2795.0,2770.0,2712.5,2675.0,2700.0,2775.0,2900.0,2850.0,2800.0,2900.0,2800.0,2887.5,2850.0,2800.0,2700.0,2800.0,2800.0,2700.0,2797.5,3000.0,2975.0,2975.0,2887.5,2995.0,2900.0,2900.0,3000.0,2997.5,2800.0,2772.5,2800.0,2825.0,2900.0,2800.0,2900.0,2895.0,2900.0,2858.0,2900.0,2872.5,2796.0,2800.0,2800.0,2895.0,2900.0
Brookville,Queens,neighborhood,,,,,,,,,,,,,,,,,,,,,,,,,,,,,,,,,,,,,,,,,,,,,,,,,,,,,,,,,,,,,,,,,,,,,,,,,,,,,,,,,,,,,,,,,,,,,,,,,,,,,,
Brownsville,Brooklyn,neighborhood,,,,,,,,,,,,,,,,,,,,,,,,,,,,,,,,,,,,,,,,,,,,,,,,,,,,1300.0,,,,,,,,,1300.0,1299.5,1300.0,1355.0,1382.5,1370.0,1400.0,1375.0,1350.0,1400.0,1400.0,1350.0,1350.0,1400.0,1350.0,1325.0,1400.0,1400.0,1500.0,1450.0,1450.0,1400.0,1400.0,1400.0,1375.0,1400.0,1449.0,1450.0,1400.0,1472.5,1375.0,1450.0,1450.0,1400.0,1500.0,1550.0,1550.0,1599.0,,1475.0,1500.0,
Bushwick,Brooklyn,neighborhood,,,1500.0,2000.0,2050.0,1500.0,1500.0,,1500.0,,,,2000.0,2000.0,2000.0,2000.0,1850.0,,,,,,,,,,,,1830.0,1800.0,1775.0,1750.0,1775.0,,,,1700.0,2400.0,1975.0,1975.0,1775.0,1795.0,1795.0,2267.0,2200.0,1995.0,1850.0,1850.0,1950.0,1925.0,1997.0,1950.0,2000.0,1850.0,1900.0,1862.5,1850.0,1890.0,1922.0,1875.0,1800.0,1850.0,1900.0,1900.0,1923.5,2000.0,2100.0,2100.0,2050.0,2000.0,1912.5,1912.5,2000.0,1925.0,1899.0,2055.0,2095.0,2100.0,2100.0,2200.0,2100.0,2100.0,2016.0,2100.0,2100.0,2100.0,2100.0,2100.0,2150.0,2175.0,2178.5,2199.0,2155.0,2100.0,2000.0,1999.0,2095.0,2000.0,2100.0,2175.0,2150.0,2200.0
Cambria Heights,Queens,neighborhood,,,,,,,,,,,,,,,,,,,,,,,,,,,,,,,,,,,,,,,,,,,,,,,,,,,,,,,,,,,,,,,,,,,,,,,,,,,,,,,,,,,,,,,,,,,,,,,,,,,,,,
Canarsie,Brooklyn,neighborhood,,,,,,,,,,,,,,,,,,,,,,,,,,,,,,,,,,,,,,,,,,,,,,,,,,,,,,,,,,,,,,,,,,,,,,,,,,,,,,,,,,,,,,,1350.0,,,,,,,,,,,,,,,
Carroll Gardens,Brooklyn,neighborhood,1925.0,2100.0,2000.0,1850.0,2000.0,2100.0,2100.0,2050.0,2112.5,2150.0,2100.0,2150.0,2150.0,2000.0,2100.0,2200.0,2500.0,2325.0,2200.0,2275.0,2200.0,2200.0,2287.5,2300.0,2300.0,2250.0,2300.0,2325.0,2525.0,2500.0,2400.0,2500.0,2500.0,2500.0,2500.0,2550.0,2400.0,2425.0,2600.0,2600.0,2400.0,2625.0,2550.0,2500.0,2700.0,2500.0,2500.0,2500.0,2400.0,2400.0,2500.0,2500.0,2550.0,2500.0,2600.0,2600.0,2600.0,2500.0,2500.0,2500.0,2600.0,2500.0,2550.0,2550.0,2650.0,2600.0,2600.0,2550.0,2600.0,2600.0,2550.0,2500.0,2500.0,2500.0,2500.0,2600.0,2525.0,2587.5,2600.0,2600.0,2550.0,2500.0,2500.0,2500.0,2550.0,2425.0,2500.0,2550.0,2500.0,2500.0,2525.0,2550.0,2525.0,2500.0,2525.0,2600.0,2600.0,2572.5,2600.0,2600.0,2500.0,2695.0
Castle Hill,Bronx,neighborhood,,,,,,,,,,,,,,,,,,,,,,,,,,,,,,,,,,,,,,,,,,,,,,,,,,,,,,,,,,,,1400.0,1400.0,,,,,,,,,1300.0,,,,,,,,,,1450.0,1450.0,1450.0,1475.0,1475.0,,1450.0,,1495.0,,,,,,,,,,,,,,
Central Harlem,Manhattan,neighborhood,1650.0,1650.0,1600.0,1600.0,1550.0,1500.0,1500.0,1500.0,1500.0,1550.0,1500.0,1500.0,1500.0,1500.0,1604.0,1675.0,1687.0,1649.5,1700.0,1725.0,1750.0,1675.0,1725.0,1750.0,1650.0,1675.0,1775.0,1675.0,1700.0,1650.0,1695.0,1850.0,1750.0,1685.0,1750.0,1675.0,1675.0,1690.0,1750.0,1687.5,1700.0,1750.0,1800.0,1850.0,1812.5,1800.0,1795.0,1750.0,1750.0,1750.0,1750.0,1800.0,1800.0,1800.0,1800.0,1795.0,1800.0,1900.0,1800.0,1800.0,1900.0,1950.0,1982.5,1975.0,1950.0,1999.0,1950.0,1997.0,1950.0,1900.0,1900.0,2000.0,2000.0,1995.0,2100.0,2100.0,2025.0,2050.0,2000.0,2000.0,2000.0,2062.0,2000.0,2092.5,2099.0,2078.5,2062.0,2040.0,2050.0,2062.0,2100.0,2148.0,2100.0,2000.0,1995.0,2025.0,2157.5,2175.0,2200.0,2250.0,2250.0,2200.0
Central Park South,Manhattan,neighborhood,5500.0,5500.0,5300.0,5950.0,5000.0,5500.0,5395.0,5500.0,6500.0,6500.0,6250.0,5000.0,5000.0,5850.0,5200.0,6250.0,6500.0,5600.0,5475.0,5375.0,6200.0,5725.0,6250.0,6125.0,6050.0,6100.0,5500.0,5000.0,5000.0,5500.0,5500.0,4972.5,4950.0,5500.0,6000.0,5600.0,6000.0,6250.0,6450.0,6250.0,6800.0,6800.0,7000.0,7400.0,7125.0,6275.0,5975.0,6200.0,6650.0,6225.0,6000.0,5700.0,6400.0,5500.0,5600.0,6500.0,7075.0,6995.0,7072.5,6972.5,6900.0,6950.0,6997.5,6995.0,6747.5,6500.0,6625.0,7000.0,7675.0,7862.5,7675.0,7600.0,7487.5,7475.0,6997.5,6995.0,6695.0,6695.0,6900.0,6750.0,6737.5,6500.0,6500.0,6500.0,6500.0,6500.0,6500.0,6425.0,6461.0,6500.0,6500.0,6550.0,6600.0,6800.0,6800.0,6500.0,6250.0,6500.0,6500.0,6475.0,6450.0,6450.0
Central Queens,Queens,submarket,1387.5,1362.5,1362.5,1400.0,1150.0,1150.0,1150.0,1150.0,1150.0,1150.0,1150.0,1150.0,1150.0,1150.0,1495.0,1450.0,1472.5,1450.0,1450.0,1500.0,1550.0,1550.0,1550.0,1537.5,1525.0,1550.0,1550.0,1650.0,1600.0,1550.0,1550.0,1500.0,1500.0,1700.0,1650.0,1650.0,1550.0,1600.0,1562.5,1550.0,1550.0,1600.0,1662.5,1650.0,1600.0,1650.0,1600.0,1625.0,1625.0,1700.0,1750.0,1675.0,1650.0,1695.0,1725.0,1725.0,1750.0,1750.0,1750.0,1725.0,1725.0,1750.0,1762.5,1750.0,1750.0,1775.0,1795.0,1800.0,1800.0,1750.0,1750.0,1750.0,1750.0,1750.0,1760.0,1800.0,1800.0,1800.0,1800.0,1850.0,1849.0,1825.0,1850.0,1850.0,1800.0,1800.0,1800.0,1800.0,1800.0,1800.0,1800.0,1850.0,1850.0,1849.5,1818.0,1800.0,1799.0,1800.0,1800.0,1800.0,1800.0,1850.0
Chelsea,Manhattan,neighborhood,3150.0,3270.0,3050.0,2990.0,3020.0,3000.0,3000.0,3150.0,3485.0,3300.0,3295.0,3225.0,3200.0,3200.0,3295.0,3350.0,3297.5,3400.0,3350.0,3350.0,3400.0,3500.0,3495.0,3300.0,3275.0,3350.0,3500.0,3500.0,3575.0,3695.0,3500.0,3500.0,3550.0,3400.0,3495.0,3500.0,3495.0,3544.0,3544.0,3695.0,3595.0,3422.5,3497.5,3650.0,3700.0,3750.0,3500.0,3600.0,3600.0,3500.0,3600.0,3600.0,3750.0,3695.0,3690.0,3695.0,3750.0,3700.0,3695.0,3710.0,3762.5,3750.0,3795.0,3897.5,3886.0,3850.0,3850.0,3900.0,3895.0,3962.5,3812.5,3895.0,3895.0,3900.0,3861.0,3997.5,4065.0,4050.0,3995.0,3895.0,3900.0,3895.0,3950.0,3895.0,3850.0,3937.5,3895.0,3900.0,3956.0,3861.0,3840.5,3873.0,3865.0,3897.5,3905.0,3865.0,3917.0,3970.0,4000.0,3850.0,3700.0,3950.0
Chinatown,Manhattan,neighborhood,,,,,,,,,2000.0,1900.0,,,,,,1900.0,1950.0,2650.0,2350.0,2050.0,,,,,,,,,,2250.0,2000.0,2550.0,2550.0,2650.0,2600.0,2395.0,,,,,2600.0,2600.0,2700.0,2600.0,,2600.0,2525.0,2525.0,2850.0,2495.0,2305.5,2600.0,2500.0,2495.0,2400.0,2400.0,2300.0,2300.0,2475.0,2500.0,2450.0,2450.0,2222.5,2250.0,2300.0,2297.5,2300.0,2800.0,2700.0,2500.0,2300.0,2200.0,2195.0,2150.0,2297.5,2247.5,2200.0,2300.0,2400.0,2397.5,2750.0,2400.0,2500.0,2450.0,2400.0,2295.0,2300.0,2400.0,2400.0,2300.0,2325.0,2275.0,2300.0,2485.0,2450.0,2475.0,2349.0,2277.0,2300.0,2249.5,2000.0,2250.0
City Island,Bronx,neighborhood,,,,,,,,,,,,,,,,,,,,,,,,,,,,,,,,,,,,,,,,,,,,,,,,,,,,,,,,,,,,,,,,,,,,,,,,,,,,,,,,,,,,,,,,,,,,,,,,,,,,,,
Civic Center,Manhattan,neighborhood,,,,,,,,,,,,,,,,,,,,,,,,,,,,,,,,,,,,,,,,,,,,,,,,,,,,,,,,,,,,,,,,,,,,,,,,,,,,,,,,,,,,,,,,,,,,,,,,,,,,,,
Clearview,Queens,neighborhood,,,,,,,,,,,,,,,,,,,,,,,,,,,,,,,,,,,,,,,,,,,,,,,,,,,,,,,,,,,,,,,,,,,,,,,,,,,,,,,,,,,,,,,,,,,,,,,,,,,,,,
Clinton Hill,Brooklyn,neighborhood,1750.0,1720.0,1750.0,1772.5,1800.0,1675.0,1700.0,1833.0,1896.5,1850.0,1939.5,2000.0,1898.0,1929.0,2004.0,1986.5,2050.0,2050.0,2000.0,2075.0,2100.0,2395.0,2000.0,1950.0,2150.0,1947.5,2400.0,2225.0,2400.0,2300.0,2150.0,2500.0,2825.0,2612.5,2400.0,2300.0,2100.0,2300.0,2372.5,2300.0,2300.0,2350.0,2310.0,2295.0,2350.0,2372.5,2325.0,2400.0,2097.5,2200.0,2311.5,2297.5,2400.0,2500.0,2500.0,2500.0,2412.5,2499.5,2400.0,2400.0,2423.0,2350.0,2200.0,2350.0,2430.0,2350.0,2400.0,2400.0,2400.0,2312.5,2300.0,2315.0,2399.0,2315.0,2395.0,2400.0,2500.0,2500.0,2500.0,2400.0,2400.0,2400.0,2485.0,2400.0,2397.0,2400.0,2400.0,2400.0,2391.5,2495.0,2417.0,2377.0,2362.5,2400.0,2400.0,2400.0,2411.5,2479.0,2493.0,2495.0,2599.5,2562.0
Co-op City,Bronx,neighborhood,,,,,,,,,,,,,,,,,,,,,,,,,,,,,,,,,,,,,,,,,,,,,,,,,,,,,,,,,,,,,,,,,,,,,,,,,,,,,,,,,,,,,,,,,,,,,,,,,,,,,,
Cobble Hill,Brooklyn,neighborhood,1900.0,1900.0,1887.5,2075.0,2225.0,2200.0,2370.0,2395.0,2387.5,,,,2322.5,2400.0,2425.0,,,2550.0,2600.0,,,,,2550.0,2725.0,2750.0,2425.0,2600.0,2450.0,2312.5,2350.0,2565.0,2700.0,2600.0,2620.0,2640.0,2500.0,2600.0,2550.0,2350.0,2500.0,2500.0,2600.0,2600.0,2712.5,2675.0,2500.0,2450.0,2500.0,2650.0,2425.0,2400.0,2700.0,2800.0,2800.0,2600.0,2900.0,2750.0,2700.0,2550.0,2700.0,2700.0,2550.0,2890.0,2600.0,2575.0,2600.0,2875.0,2850.0,2550.0,2600.0,2500.0,2700.0,2800.0,2700.0,2800.0,2850.0,2800.0,2600.0,2675.0,2550.0,2575.0,2537.5,2525.0,2600.0,2600.0,2500.0,2450.0,2500.0,2500.0,2500.0,2600.0,2650.0,2675.0,2675.0,2475.0,2487.5,2585.0,2500.0,2700.0,2700.0,2750.0
College Point,Queens,neighborhood,,,,,,,,,,,,,,,,,,,,,,,,,,,,,,,,,,,,,,,,,,,,,,,,,,,,,,,,,,,,,,,,,,,,,,,,,,,,,,,,,,,,,,,,,,,,,,,,,,,,,,
Columbia St Waterfront District,Brooklyn,neighborhood,,,,,,,,,,,,,,,1700.0,,,,,,,,,,,,,,,,,,,,,,,,,,,,,,,,,,,,2700.0,2700.0,2700.0,2500.0,2025.0,2100.0,2100.0,2000.0,1943.5,2120.0,2200.0,2150.0,2200.0,2200.0,2200.0,2250.0,2225.0,2225.0,2250.0,2200.0,,,,2700.0,2800.0,2300.0,2300.0,2347.5,2300.0,2395.0,2400.0,2400.0,2325.0,2250.0,2197.5,2200.0,2200.0,2200.0,2350.0,2300.0,2300.0,2399.5,2400.0,2383.0,2500.0,2500.0,2450.0,2600.0,2395.0,2372.5,2525.0,2775.0
Concourse,Bronx,neighborhood,,,,,,,,,,,,,,,,,,,,,1100.0,1050.0,,,,1250.0,,1249.5,1150.0,1150.0,1325.0,1125.0,1150.0,1300.0,1312.5,,,,,,,,,,,1375.0,,1387.0,1375.0,1325.0,1402.0,1385.5,1399.0,,1350.0,1260.0,1250.0,1295.0,1295.0,,,,,1350.0,1325.0,1300.0,1300.0,1350.0,1350.0,1350.0,1300.0,1300.0,1325.0,,1350.0,1350.0,1370.0,1412.0,1450.0,1525.0,1495.0,1495.0,1450.0,1495.0,1495.0,1400.0,1400.0,1499.0,1500.0,1500.0,1500.0,1506.0,1542.5,1558.0,1500.0,1500.0,1500.0,1550.0,1450.0,1450.0,1650.0,1675.0
Coney Island,Brooklyn,neighborhood,,,,,,,,,,,,,,,,,,,,,,,,,,,,,,,,,,,1425.0,,,,,,,,,,,,,,,,,,,,,,,,,,,,1700.0,,,1860.0,,,1950.0,1925.0,,,1850.0,1925.0,,,1910.5,1832.0,1855.5,,,1749.0,1762.0,1787.0,1850.0,,1974.5,,1975.0,1899.0,1850.0,,,,,,,,1850.0,1950.0,1949.5,2025.0
Corona,Queens,neighborhood,1112.5,,,,1150.0,1150.0,1150.0,1150.0,1150.0,1150.0,1150.0,1150.0,1150.0,1150.0,,,,,,,,,,,,,,,,,,,,,,,,,,,,,,,,,,,,,,1500.0,1500.0,1496.5,1500.0,1500.0,1497.5,,,,1550.0,1550.0,,1600.0,1650.0,1600.0,1650.0,1650.0,1650.0,1650.0,1650.0,1650.0,1625.0,1755.0,1760.0,1785.0,1785.0,1780.0,1755.0,1847.5,1777.5,1860.0,1790.0,1780.0,1780.0,1765.0,1767.5,1802.5,1800.0,1800.0,1820.0,1805.0,1785.0,1830.0,1902.5,1920.0,1852.5,1795.0,1750.0,1657.5,1647.0,
Country Club,Bronx,neighborhood,,,,,,,,,,,,,,,,,,,,,,,,,,,,,,,,,,,,,,,,,,,,,,,,,,,,,,,,,,,,,,,,,,,,,,,,,,,,,,,,,,,,,,,,,,,,,,,,,,,,,,
Crotona Park East,Bronx,neighborhood,,,,,,,,,,,,,,,,,,,,,,,,,,,,,,,,,,,,,,,,,,,,,,,,,,,,,,,,,,,,,,,,,,,,,,,,,,,,,,,,,,,,,,,,,,,,,,,,,,,,,,
Crown Heights,Brooklyn,neighborhood,1795.0,1900.0,1975.0,1900.0,1762.5,1450.0,1400.0,1300.0,1350.0,1400.0,1499.0,1500.0,1480.0,1350.0,1350.0,1400.0,1400.0,1375.0,1455.0,1375.0,1600.0,1625.0,1625.0,1625.0,1600.0,1600.0,1625.0,1662.5,1700.0,1600.0,1650.0,1800.0,1700.0,1555.0,1625.0,1600.0,1600.0,1700.0,1600.0,1600.0,1662.5,1700.0,1750.0,1750.0,1700.0,1675.0,1600.0,1595.0,1600.0,1500.0,1600.0,1700.0,1700.0,1850.0,1910.0,1875.0,1750.0,1700.0,1700.0,1650.0,1650.0,1650.0,1650.0,1650.0,1700.0,1700.0,1800.0,1950.0,1900.0,1800.0,1800.0,1800.0,1800.0,1850.0,1900.0,1900.0,1975.0,1900.0,1950.0,1950.0,1925.0,1965.0,1800.0,1900.0,1900.0,1950.0,1900.0,1995.0,1975.0,1995.0,1999.0,2000.0,2055.0,2150.0,1950.0,1875.0,1850.0,1899.0,1997.0,2095.0,2000.0,2095.0
DUMBO,Brooklyn,neighborhood,2950.0,2825.0,2825.0,2750.0,2750.0,2350.0,3000.0,3200.0,3750.0,3000.0,3300.0,3275.0,3295.0,3272.5,3300.0,3080.0,3000.0,2950.0,3000.0,3200.0,3800.0,3300.0,3000.0,3000.0,3100.0,3100.0,3175.0,2900.0,2972.5,3100.0,3295.0,3450.0,3497.5,3612.5,3600.0,4075.0,4000.0,3350.0,3400.0,3400.0,3375.0,3400.0,3475.0,3650.0,3650.0,3500.0,3400.0,3400.0,3650.0,3600.0,3575.0,3650.0,3700.0,3725.0,3700.0,3724.0,3600.0,3704.0,3725.0,3600.0,3650.0,3642.5,3775.0,3741.5,3769.0,3900.0,3716.5,3750.0,3777.0,3852.0,3762.0,3882.0,3882.0,3822.0,3810.0,3900.0,4000.0,3800.0,3955.0,3662.5,3762.0,3762.0,3872.0,3599.0,3599.0,3819.0,3759.0,3800.0,3775.0,3730.0,3666.0,3650.0,3596.5,3500.0,3666.0,3750.0,3804.0,3808.0,3850.0,3795.0,3988.0,3996.0
Ditmas Park,Brooklyn,neighborhood,,,,,,,,,,,,,,,,,,,,,,,1450.0,1450.0,,,1500.0,,,1475.0,1475.0,1500.0,1472.5,1512.5,1700.0,,1650.0,1612.5,1525.0,1500.0,,,,1500.0,,1550.0,1500.0,1550.0,1525.0,1450.0,1462.5,1525.0,1512.5,1550.0,1525.0,1525.0,1552.0,1552.0,1495.0,1495.0,1547.5,1550.0,1550.0,1550.0,1512.5,1600.0,1600.0,1600.0,1600.0,1650.0,1600.0,1600.0,1700.0,1795.0,1800.0,1650.0,1700.0,1797.5,1725.0,1700.0,1750.0,1700.0,1650.0,1799.0,1750.0,1797.0,1800.0,1750.0,1825.0,1750.0,1700.0,1700.0,1750.0,1772.5,1650.0,1675.0,1725.0,1700.0,1750.0,1799.0,1750.0,1750.0
Douglaston,Queens,neighborhood,,,,,,,,,,,,,,,,,,,,,,,,,,,,,,,,,,,,,,,,,,,,,,,,,,,,,,,,,,,,1500.0,,,,,,,,,,,,,,,,,,,,,,,,,,,,,,,,,,,,,,,,,,
Downtown Brooklyn,Brooklyn,neighborhood,2015.0,2040.0,2091.0,2169.0,2392.5,2420.0,2500.0,2500.0,2530.0,2505.0,2516.5,2446.0,2500.0,2425.0,2352.0,2348.5,2341.0,2500.0,2497.0,2500.0,2489.0,2475.0,2480.0,2540.0,2307.0,2322.5,2406.0,2415.0,2452.0,2562.0,2550.0,2500.0,2700.0,2658.0,2800.0,2907.0,2878.0,2900.0,2900.0,2895.0,2897.5,2767.5,2800.0,2900.0,2787.5,2792.5,2750.0,2790.0,2800.0,2950.0,2991.0,2925.0,3000.0,2950.0,2954.0,3031.0,3010.0,3000.0,3029.0,2985.0,3039.5,3195.0,3315.0,3228.0,3235.5,3162.5,3150.0,3115.0,3159.5,3100.0,3040.0,3100.0,3071.0,3070.0,3094.0,3070.0,2997.5,3079.5,3103.0,3069.5,3047.0,3047.0,3006.0,2970.0,2995.0,3050.0,3030.0,3077.0,3111.0,3100.0,3195.0,3195.0,3150.0,3060.0,3000.0,3050.0,3081.0,3041.0,3275.0,3348.0,3419.0,3423.5
Dyker Heights,Brooklyn,neighborhood,,,,,,,,,,,,,,,,1225.0,,,,,,,,,,,,,,,,,,,,,,,,,,,,,,,,,,,,,,,1350.0,,1325.0,,,,1349.5,,,,,,,,,,,,,,1475.0,1475.0,1450.0,,,,,,,,,,,1450.0,1475.0,1500.0,1600.0,1500.0,,,,,,,1499.0,1550.0,,1587.5
East Brooklyn,Brooklyn,submarket,1500.0,1500.0,1450.0,1600.0,1500.0,1400.0,1400.0,1399.0,1400.0,1500.0,1455.0,1500.0,1500.0,1500.0,1550.0,1500.0,1495.0,1362.5,1450.0,1400.0,1487.5,1550.0,1550.0,1487.5,1450.0,1500.0,1550.0,1600.0,1625.0,1575.0,1575.0,1550.0,1550.0,1537.5,1600.0,1565.0,1500.0,1700.0,1700.0,1700.0,1685.0,1700.0,1700.0,1750.0,1700.0,1700.0,1700.0,1700.0,1700.0,1650.0,1700.0,1750.0,1775.0,1800.0,1800.0,1800.0,1800.0,1795.0,1795.0,1700.0,1700.0,1750.0,1750.0,1800.0,1850.0,1895.0,1900.0,1975.0,1900.0,1895.0,1885.0,1875.0,1900.0,1900.0,1900.0,1999.0,2000.0,2000.0,2000.0,2075.0,2000.0,2000.0,1968.0,1995.0,1995.0,1999.0,1998.0,2000.0,2016.0,2067.5,2050.0,2099.0,2099.0,2099.0,1999.0,1994.5,1999.0,1995.0,2050.0,2100.0,2100.0,2150.0
East Elmhurst,Queens,neighborhood,,,,,,,,,,,,,,,,,,,,,,,,,,,,,,,,,,,,,,,,,,,,,,,,,,,,,,,,,,,,,,,,,,,,,,,,,,,,,,,,,,,,,,,,,,,,,,,,,,,,,,
East Flatbush,Brooklyn,neighborhood,,,,,,,,,,,,,,,,,,,,,,,,,,,,,,,,,,,,,,,,,,,,,,,,,1300.0,1300.0,1275.0,1295.0,,,1387.5,1375.0,1350.0,1275.0,1200.0,1200.0,1200.0,1250.0,1300.0,1395.0,1395.0,1395.0,1400.0,1400.0,1425.0,1395.0,1395.0,1400.0,1425.0,1450.0,1450.0,1495.0,1495.0,1500.0,1500.0,1550.0,1575.0,1600.0,1550.0,1500.0,1550.0,1550.0,1550.0,1650.0,1650.0,1600.0,1624.5,1700.0,1650.0,1600.0,1625.0,1650.0,1650.0,1650.0,1650.0,1650.0,1650.0,1649.5
East Harlem,Manhattan,neighborhood,1600.0,1600.0,1600.0,1600.0,1685.0,1872.5,1800.0,1850.0,2125.0,1825.0,1809.0,2000.0,1985.0,1800.0,1800.0,1787.5,1625.0,1800.0,1837.5,1900.0,1812.5,1825.0,1837.5,1837.5,2050.0,1945.5,1950.0,2000.0,1950.0,1900.0,1900.0,1945.0,2050.0,2100.0,2000.0,2090.0,1982.5,2108.0,1965.0,1950.0,2000.0,2000.0,2062.0,1900.0,1871.5,1825.0,1850.0,1885.0,1890.0,1864.0,1812.5,1850.0,1825.0,1812.5,1850.0,1855.0,1800.0,1810.0,1849.5,1895.0,1895.0,1941.0,2000.0,2000.0,2000.0,2090.0,2000.0,1995.0,2000.0,1950.0,1995.0,1995.0,2046.0,2048.0,2190.0,2156.0,2150.0,2200.0,2150.0,2100.0,2100.0,2156.0,2237.5,2210.0,2215.0,2268.0,2247.0,2225.0,2250.0,2247.0,2267.0,2215.0,2215.0,2250.0,2000.0,2050.0,2000.0,2100.0,2000.0,2004.0,2047.5,2097.0
East New York,Brooklyn,neighborhood,,,,,,,,,,,,,,,,,,,,,,,,,,,,,,,,,,,,,,,,,,,,,,,,,,,1197.5,,,,,,,,,,,1275.0,,1250.0,1325.0,1425.0,,2099.0,2149.5,1674.5,,,,,,1450.0,1425.0,,,,,,,1437.5,1499.5,1450.0,1499.0,1500.0,1500.0,1600.0,1487.0,1543.5,1500.0,1600.0,1550.0,1500.0,,1600.0,1600.0,1575.0,1595.0,1600.0
East Tremont,Bronx,neighborhood,,,,,,,,,,,,,,,,,,,,,,,,,,,,,,,,,,,,,,,,,,,,,,,,,,,,1095.0,,,1100.0,1100.0,,,,,,,1150.0,,,,,,,,,,,,,,,,,,,,,,,,,,,,,,,,,,,,,,,
East Village,Manhattan,neighborhood,2400.0,2300.0,2200.0,2400.0,2500.0,2250.0,2250.0,2295.0,2300.0,2500.0,2595.0,2695.0,2597.5,2497.5,2400.0,2397.5,2600.0,2495.0,2595.0,2500.0,2600.0,2525.0,2595.0,2500.0,2697.5,2595.0,2595.0,2750.0,2795.0,2695.0,2700.0,2702.0,2653.0,2772.5,2760.0,2750.0,2700.0,2700.0,2737.5,2795.0,2700.0,2775.0,2700.0,2795.0,2800.0,2795.0,2712.5,2697.5,2700.0,2700.0,2700.0,2700.0,2712.5,2700.0,2650.0,2654.0,2678.5,2595.0,2550.0,2630.0,2595.0,2550.0,2600.0,2600.0,2600.0,2650.0,2650.0,2750.0,2750.0,2795.0,2795.0,2795.0,2850.0,2895.0,2895.0,2800.0,2800.0,2850.0,2795.0,2750.0,2795.0,2785.0,2750.0,2700.0,2706.5,2850.0,2795.0,2800.0,2795.0,2750.0,2750.0,2750.0,2750.0,2700.0,2650.0,2695.0,2695.0,2696.0,2750.0,2795.0,2750.0,2775.0
Eastchester,Bronx,neighborhood,,,,,,,,,,,,,,,,,,,,,,,,,,,,,,,,,,,,,,,,,,,,,,,,,,,,,,,,,,,,,,,,,,,,,,,,,,,,,,,,,,,,,,,,,,,,,,,,,,,,,,
Edenwald,Bronx,neighborhood,,,,,,,,,,,,,,,,,,,,,,,,,,,,,,,,,,,,,,,,,,,,,,,,,,,,,,,,,,,,,,,,,,,,,,,,,,,,,,,,,,,,,,,,,,,,,,,,,,,,,,
Elmhurst,Queens,neighborhood,,,,,,,,,,,,,,,,,,,,,,,,,,,,,,,,,,1950.0,1950.0,1950.0,1900.0,1925.0,1900.0,1850.0,1795.0,1847.5,2100.0,2100.0,,2030.0,1833.5,1662.5,1595.0,1899.0,1950.0,1725.0,1725.0,1775.0,1675.0,1850.0,1700.0,1675.0,1700.0,1700.0,1559.0,1600.0,1800.0,1650.0,1887.5,1675.0,1650.0,1900.0,1750.0,1712.5,1750.0,1750.0,1700.0,1725.0,1850.0,1787.5,1675.0,1800.0,1800.0,1782.5,1700.0,1775.0,1700.0,1680.0,1550.0,1700.0,1799.0,1800.0,1800.0,1810.5,1860.0,1850.0,1800.0,1750.0,1750.0,1825.0,1800.0,1875.0,1750.0,1825.0,1800.0,1750.0
Financial District,Manhattan,neighborhood,3200.0,3200.0,3368.5,3400.0,3485.0,3400.0,3300.0,3300.0,3170.0,3250.0,3100.0,3086.0,3199.5,3315.0,3372.5,3395.0,3400.0,3497.5,3500.0,3495.0,3495.0,3495.0,3437.5,3400.0,3450.0,3450.0,3397.5,3595.0,3572.5,3600.0,3750.0,3600.0,3652.5,3500.0,3650.0,3550.0,3500.0,3500.0,3487.5,3450.0,3495.0,3450.0,3450.0,3450.0,3410.0,3385.0,3600.0,3600.0,3550.0,3574.5,3600.0,3610.0,3750.0,3800.0,3767.5,3802.5,3812.5,3792.5,3655.0,3652.5,3688.0,3795.0,3800.0,3876.0,3895.0,3876.0,3906.0,3800.0,3795.0,3750.0,3658.5,3658.5,3750.0,3800.0,3788.0,3800.0,3797.5,3800.0,3870.0,3850.0,3773.0,3750.0,3650.0,3656.0,3650.0,3700.0,3750.0,3800.0,3850.0,3810.0,3850.0,3879.5,3840.0,3750.0,3775.0,3821.5,3764.0,3853.0,3885.0,3847.5,3863.0,3995.0
Flatbush,Brooklyn,neighborhood,,,,,,,,,1125.0,,,,,,,,,,,,,1250.0,1250.0,,,,,,,,,1300.0,1325.0,1225.0,,,1202.5,1300.0,1200.0,1200.0,1200.0,1385.0,1338.0,1338.0,1350.0,1350.0,1362.5,1350.0,1300.0,1347.5,1400.0,1400.0,1395.0,1390.0,1400.0,1450.0,1500.0,1500.0,1475.0,1400.0,1399.0,1450.0,1500.0,1450.0,1400.0,1450.0,1500.0,1500.0,1449.5,1475.0,1500.0,1500.0,1550.0,1550.0,1500.0,1500.0,1550.0,1600.0,1600.0,1650.0,1661.0,1675.0,1650.0,1650.0,1650.0,1650.0,1675.0,1675.0,1650.0,1650.0,1697.0,1650.0,1650.0,1650.0,1637.5,1650.0,1750.0,1770.0,1750.0,1750.0,1665.5,1700.0
Flatiron,Manhattan,neighborhood,3500.0,3595.0,3495.0,3600.0,3650.0,3650.0,3800.0,3625.0,3500.0,3595.0,3500.0,3750.0,3885.0,3950.0,3999.0,4000.0,4000.0,3900.0,3995.0,3995.0,3997.5,3797.5,3750.0,4000.0,3762.5,3997.5,3950.0,3750.0,4197.5,4200.0,4000.0,3950.0,3950.0,3900.0,3897.5,3895.0,3847.5,3895.0,3795.0,3812.5,3995.0,4250.0,4295.0,4169.0,4000.0,3959.5,3790.0,3702.0,4095.0,4167.0,4278.0,4395.0,4593.0,4200.0,4295.0,4450.0,4405.0,4200.0,4252.5,4262.0,4385.0,4450.0,4772.5,4750.0,4900.0,4895.0,4730.0,4730.0,4725.0,4710.0,4500.0,4650.0,4633.0,4685.0,4547.5,4511.0,4555.0,4600.0,4607.5,4500.0,4525.0,4500.0,4500.0,4450.0,4462.0,4500.0,4498.0,4500.0,4595.0,4595.0,4500.0,4500.0,4500.0,4400.0,4400.0,4400.0,4400.0,4495.0,4495.0,4495.0,4500.0,4590.5
Flatlands,Brooklyn,neighborhood,,,,,,,,,,,,,,,,,,,,,,,,,,,,,,,,,,,,,,,,,,,,,,,,,,,,,,,,,,,,,,,,,,,,,,,,,,,,,,,,,,,,,,,,,,,,,,,,,,,,,,
Floral Park,Queens,neighborhood,,,,,,,,,,,,,,,,,,,,,,,,,,,,,,,,,,,,,,,,,,,,,,,,,,,,,,,,,,,,,,,,,,,,,,,,,,,,,,,,,,,,,,,,,,,,,,,,,,,,,,
Flushing,Queens,neighborhood,,,,,,,,,,,,,,,1275.0,1281.5,1288.0,1295.0,1295.0,1295.0,1295.0,1288.0,1250.0,1235.0,1195.0,1275.0,1295.0,,1325.0,1350.0,1390.0,1347.0,1347.0,1362.5,1385.0,1350.0,1337.5,1350.0,1300.0,1387.5,1375.0,1350.0,1337.5,1450.0,1450.0,,1472.5,1415.0,1400.0,1402.5,1397.5,1427.5,1485.0,1500.0,1562.5,1585.0,1575.0,1500.0,1525.0,1550.0,1500.0,1500.0,1450.0,1550.0,1575.0,1512.5,1550.0,1595.0,1650.0,1600.0,1650.0,1549.5,1550.0,1650.0,1675.0,1700.0,1675.0,1725.0,1700.0,1700.0,1650.0,1650.0,1650.0,1700.0,1698.0,1700.0,1699.0,1700.0,1700.0,1775.0,1807.5,1937.5,1750.0,1787.0,1700.0,1700.0,1700.0,1750.0,1750.0,1750.0,1750.0,1775.0
Fordham,Bronx,neighborhood,,,,,,,,,,,,,,,,,,,,,,,,,,,,,,,,,,,,,,,,,,,,,,,,,,,,,,,,,,,,1185.0,,1187.5,,,,1225.0,1200.0,,,1250.0,1300.0,1300.0,1300.0,1275.0,1312.5,1275.0,1275.0,1375.0,1350.0,1350.0,1347.5,1345.0,1400.0,1400.0,1400.0,1350.0,1400.0,1425.0,1450.0,1425.0,1375.0,,1450.0,1412.5,1497.5,,,1522.5,1562.5,1450.0,1450.0,1562.5
Forest Hills,Queens,neighborhood,1550.0,1550.0,1550.0,1575.0,1450.0,1500.0,1600.0,1613.5,1550.0,1518.5,1525.0,1425.0,1500.0,1500.0,1575.0,1650.0,1675.0,1687.5,1650.0,1650.0,1675.0,1675.0,1650.0,1662.5,1600.0,1600.0,1772.5,1772.5,1750.0,1797.5,1700.0,1795.0,1797.5,1725.0,1650.0,1650.0,1662.5,1650.0,1550.0,1600.0,1650.0,1700.0,1737.5,1787.0,1762.5,1800.0,1750.0,1712.5,1725.0,1750.0,1800.0,1775.0,1750.0,1850.0,1800.0,1795.0,1850.0,1800.0,1800.0,1800.0,1950.0,2000.0,1950.0,1875.0,1850.0,1800.0,1885.0,1925.0,1925.0,1825.0,1850.0,1850.0,1800.0,1800.0,1800.0,1900.0,1900.0,1900.0,1850.0,1895.0,1949.0,1900.0,1887.0,1900.0,1850.0,1900.0,1900.0,1900.0,1885.0,1900.0,1900.0,1850.0,1900.0,1875.0,1850.0,1842.0,1850.0,1887.0,1900.0,1900.0,1900.0,1900.0
Fort Greene,Brooklyn,neighborhood,2050.0,2025.0,2000.0,2000.0,2000.0,2000.0,2050.0,2100.0,2050.0,2275.0,2275.0,2250.0,2250.0,2262.5,2100.0,2275.0,2200.0,2247.5,2300.0,2300.0,2325.0,2325.0,2425.0,2350.0,2499.0,2400.0,2395.0,2395.0,2400.0,2440.0,2450.0,2400.0,2337.5,2295.0,2222.5,2400.0,2450.0,2500.0,2472.5,2295.0,2350.0,2350.0,2445.0,2425.0,2395.0,2372.5,2500.0,2500.0,2500.0,2525.0,2495.0,2525.0,2650.0,2647.5,2600.0,2600.0,2500.0,2500.0,2500.0,2550.0,2550.0,2550.0,2550.0,2600.0,2550.0,2550.0,2600.0,2625.0,2600.0,2595.0,2600.0,2600.0,2600.0,2600.0,2600.0,2600.0,2600.0,2700.0,2662.5,2700.0,2700.0,2700.0,2600.0,2550.0,2600.0,2600.0,2700.0,2750.0,2750.0,2700.0,2650.0,2650.0,2750.0,2700.0,2750.0,2738.0,2700.0,2750.0,2750.0,2650.0,2750.0,2799.0
Fresh Meadows,Queens,neighborhood,,,,,,,,,,,,,,,,,,,,,,,,,,,,,,,,,,,,,,,,,,,,,,,,,,,,,,,,,,,,,,,,,,,,,,,,,,,,,,,,,,,,,,,,,,,,,,,,,,,,,,
Gerritsen Beach,Brooklyn,neighborhood,,,,,,,,,,,,,,,,,,,,,,,,,,,,,,,,,,,,,,,,,,,,,,,,,,,,,,,,,,,,,,,,,,,,,,,,,,,,,,,,,,,,,,,,,,,,,,,,,,,,,,
Glen Oaks,Queens,neighborhood,,,,,,,,,,,,,,,,,,,,,,,,,,,,,,,,,,,,,,,,,,,,,,,,,,,,,,,,,,,,,,,,,,,,,,,,,,,,,,,,,,,,,,,,,,,,,,,,,,,,,,
Glendale,Queens,neighborhood,,,,,,,,,,,,,,,,,,,,,,,,,,,,,,,,,,,,,,,,,,,,,,,,,,,,,,,,,,,,,,,,,,,,,,,,,,1650.0,,,,,,,,1500.0,1500.0,1550.0,,1550.0,1599.5,1600.0,1575.0,1575.0,1600.0,1625.0,,,,,,,1600.0,,,
Gowanus,Brooklyn,neighborhood,,,,,,,,,,,,,,,,,2150.0,,2829.0,,,,,,,,,,,,,,,,2775.0,2500.0,2400.0,2975.0,3033.5,3000.0,2975.0,2875.0,2688.0,2688.0,2500.0,2325.0,2450.0,2475.0,2500.0,2300.0,2200.0,,2550.0,2600.0,2750.0,2200.0,2300.0,2200.0,2500.0,2500.0,2500.0,2500.0,2550.0,2500.0,2550.0,2600.0,2547.5,2700.0,2700.0,2400.0,2100.0,2347.5,2600.0,2400.0,2800.0,3000.0,3037.0,2400.0,2750.0,3152.0,2999.5,2833.5,2929.0,2845.5,2500.0,2500.0,2725.0,2400.0,2525.0,2700.0,2700.0,2700.0,2827.5,2828.0,2600.0,2500.0,2842.0,2685.0,2450.0,2600.0,2905.0,2869.0
Gramercy Park,Manhattan,neighborhood,3125.0,3000.0,3000.0,3200.0,3250.0,3097.5,3200.0,3225.0,3300.0,3300.0,3400.0,3375.0,3195.0,3250.0,3250.0,3100.0,3200.0,3385.0,3250.0,3225.0,3400.0,3500.0,3500.0,3495.0,3447.5,3395.0,3400.0,3272.5,3350.0,3300.0,3200.0,3200.0,3295.0,3500.0,3500.0,3400.0,3200.0,3495.0,3500.0,3500.0,3500.0,3400.0,3447.5,3300.0,3500.0,3495.0,3500.0,3500.0,3500.0,3400.0,3495.0,3497.5,3350.0,3497.5,3322.5,3350.0,3447.5,3500.0,3500.0,3550.0,3649.5,3500.0,3150.0,3250.0,3400.0,3650.0,3595.0,3500.0,3550.0,3500.0,3495.0,3500.0,3600.0,3690.0,3800.0,3825.0,3795.0,3700.0,3750.0,3695.0,3500.0,3495.0,3200.0,3300.0,3450.0,3650.0,3550.0,3600.0,3500.0,3395.0,3500.0,3495.0,3497.5,3400.0,3297.5,3300.0,3600.0,3500.0,3475.0,3370.0,3562.5,3450.0
Gravesend,Brooklyn,neighborhood,,,,,,,,,,,,,,1220.0,,,,,,,,,,,,,,,,,,,,1237.5,1225.0,,1375.0,1362.5,1325.0,1375.0,1375.0,1375.0,1393.0,1362.5,1337.5,1387.5,1375.0,1325.0,1325.0,1450.0,1360.0,1385.0,1400.0,1400.0,1400.0,1362.5,1362.5,1400.0,1495.0,1425.0,1450.0,,1450.0,1425.0,1500.0,1525.0,1499.0,1524.5,1499.0,1300.0,1475.0,1400.0,1475.0,1500.0,1537.5,1685.0,1687.5,1600.0,1562.5,1600.0,1625.0,1600.0,1599.0,1599.0,1600.0,1600.0,1600.0,1595.0,1600.0,1650.0,1650.0,1600.0,1612.5,1625.0,1650.0,1685.0,1625.0,1650.0,1625.0,1637.5,1625.0,1600.0
Greenpoint,Brooklyn,neighborhood,2100.0,2100.0,2060.0,2100.0,2188.0,2031.0,2125.0,2175.0,2500.0,2525.0,2450.0,2450.0,2075.0,2075.0,,1800.0,1800.0,2000.0,2200.0,2050.0,1800.0,2600.0,2125.0,1900.0,2095.0,2225.0,2100.0,2000.0,2300.0,2200.0,1997.5,2200.0,2200.0,2000.0,2150.0,2250.0,2000.0,2075.0,2200.0,2200.0,2272.5,2350.0,2350.0,2350.0,2495.0,2425.0,2300.0,2397.0,2472.5,2497.5,2300.0,2400.0,2500.0,2500.0,2500.0,2500.0,2500.0,2400.0,2485.0,2350.0,2237.5,2350.0,2325.0,2500.0,2450.0,2474.5,2500.0,2500.0,2500.0,2550.0,2400.0,2300.0,2307.0,2350.0,2400.0,2500.0,2499.0,2550.0,2500.0,2400.0,2400.0,2499.0,2499.0,2400.0,2385.0,2400.0,2400.0,2499.0,2450.0,2550.0,2500.0,2495.0,2495.0,2300.0,2350.0,2300.0,2349.5,2297.0,2300.0,2300.0,2357.0,2400.0
Greenwich Village,Manhattan,neighborhood,3175.0,3200.0,2997.5,3000.0,3000.0,3250.0,3000.0,3000.0,3650.0,3725.0,3413.5,3400.0,3400.0,3547.5,3250.0,3275.0,3450.0,3300.0,3100.0,3397.5,3700.0,3595.0,3525.0,3595.0,3650.0,3495.0,3600.0,3700.0,3597.5,3425.0,3500.0,3500.0,3625.0,3585.0,3500.0,3495.0,3450.0,3595.0,3600.0,3500.0,3450.0,3495.0,3597.5,3500.0,3497.5,3600.0,3658.0,3680.5,3800.0,3850.0,3800.0,3700.0,3800.0,3600.0,3372.5,3450.0,3500.0,3772.5,3895.0,3850.0,3895.0,3850.0,3795.0,3700.0,3695.0,3500.0,3500.0,4000.0,4097.5,4197.5,4000.0,4095.0,3950.0,3750.0,3795.0,3875.0,3700.0,3750.0,3795.0,3650.0,3795.0,3950.0,3800.0,3850.0,3850.0,3897.5,3897.5,3850.0,3672.5,3550.0,3700.0,3500.0,3600.0,3662.5,3662.5,3695.0,3600.0,3750.0,3650.0,3750.0,3450.0,3695.0
Greenwood,Brooklyn,neighborhood,,,,,,,,,,,,,,1395.0,,,,,,,,,,,,,,,1525.0,,,,,,,,,,,,1672.5,1875.0,1875.0,1875.0,2000.0,1837.5,1725.0,1800.0,1725.0,1825.0,1787.5,1750.0,1800.0,1800.0,1845.0,1850.0,1895.0,1712.5,1725.0,1762.5,1750.0,2000.0,2000.0,2000.0,1997.5,1900.0,1995.0,2025.0,2000.0,1900.0,1950.0,1997.0,1999.0,1950.0,2000.0,2000.0,1925.0,1899.0,1900.0,1995.0,1925.0,1800.0,1925.0,1925.0,1850.0,1985.0,1974.0,1987.5,1995.0,2000.0,1995.0,1950.0,2000.0,2300.0,2400.0,2000.0,1950.0,1900.0,1975.0,1975.0,2150.0,2400.0
Hamilton Heights,Manhattan,neighborhood,1400.0,1450.0,1500.0,1497.5,1495.0,1575.0,1450.0,1397.5,1575.0,1587.5,1575.0,1595.0,1585.0,1550.0,1595.0,1592.5,1598.0,1580.0,1700.0,1725.0,2075.0,1975.0,1912.5,1875.0,1800.0,1650.0,1575.0,1575.0,1750.0,1750.0,1650.0,1700.0,1550.0,1650.0,1700.0,1699.0,1600.0,1600.0,1550.0,1572.5,1595.0,1600.0,1597.5,1750.0,1800.0,1750.0,1600.0,1600.0,1600.0,1650.0,1555.0,1750.0,1800.0,1800.0,1699.5,1700.0,1730.0,1825.0,1895.0,1800.0,1700.0,1795.0,1775.0,1700.0,1787.5,1850.0,1850.0,1850.0,1795.0,1775.0,1800.0,1795.0,1800.0,1800.0,1900.0,1825.0,1812.5,1895.0,1850.0,1850.0,1850.0,1900.0,1900.0,1899.0,1899.0,1900.0,1872.5,1900.0,1900.0,1900.0,1955.0,1900.0,1950.0,1950.0,1950.0,1995.0,1895.0,1885.0,1900.0,1937.5,2000.0,1900.0
Highbridge,Bronx,neighborhood,,,,,,,,,,,,,,,,,,,,,,,,,,,,,,,,,,,,,,,,,,,,,,,,,,,,,,,,,,,,,,,,,,,,,,,,,,,,,,,,,,,,1350.0,,1495.0,,,1495.0,1495.0,,,,,,,,,,,,
Hillcrest,Queens,neighborhood,,,,,,,,,,,,,,,,,,,,,,,,,,,,,,,,,,,,,,,,,,,,,,,,,,,,,,,,,,,,,,,,,,,,,,,,,,,,,,,,,,,,,,,,,,,,,,,,,,,,,,
Hollis,Queens,neighborhood,,,,,,,,,,,,,,,,,,,,,,,,,,,,,,,,,,,,,,,,,,,,,,,,,,,,,,,,,,,,,,,,,,,,,,,,,,,,,,,,,,,,,,,,,,,,,,,,,,,,,,
Howard Beach,Queens,neighborhood,,,,,,,,,,,,,,,,,,,,,,,,,,,,,,,,,,,,,,,,,,,,,,,,,,,,,,,,,,,,,,,,,,,,,,1400.0,1400.0,,,,,,,,,,,,,,,,,,,,,,,,,,,,,,,
Hunts Point,Bronx,neighborhood,,,,,,,,,,,,,,,,,,,,,,,,,,,,,,,,,,,,,,,,,,,,,,,,,,,,,,,,,,,,,,,,,,,,,,,,,,,,,,,,,,,,,,,,,,,,,,,,,,,,,,
Inwood,Manhattan,neighborhood,,1235.0,1253.0,1265.5,1274.5,1250.0,1299.0,,,1450.0,1500.0,1350.0,1450.0,1525.0,1550.0,,1350.0,1350.0,1350.0,1350.0,,1450.0,1350.0,1400.0,1400.0,1412.5,1437.5,1380.0,1380.0,1375.0,1400.0,1462.5,1412.5,1300.0,1300.0,1345.0,1362.5,1350.0,1350.0,1350.0,1350.0,1495.0,1425.0,1437.5,1475.0,1450.0,1425.0,1472.5,1450.0,1475.0,1475.0,1462.5,1450.0,1450.0,1500.0,1525.0,1537.5,1537.5,1550.0,1500.0,1500.0,1500.0,1500.0,1499.5,1550.0,1595.0,1595.0,1600.0,1575.0,1625.0,1637.5,1650.0,1650.0,1650.0,1597.5,1600.5,1650.0,1662.5,1695.0,1600.0,1650.0,1645.0,1645.0,1675.0,1600.0,1600.0,1650.0,1695.0,1725.0,1725.0,1700.0,1700.0,1750.0,1750.0,1650.0,1665.0,1695.0,1700.0,1750.0,1797.5,1775.0,1800.0
Jackson Heights,Queens,neighborhood,,,,,,,,,,,,,,,,,1345.0,1350.0,1295.0,1312.5,,,,,,,,,,,1448.0,,,,,,1435.0,,1450.0,1625.0,1495.0,1500.0,,1475.0,,1497.5,1525.0,1525.0,1562.5,1587.5,1700.0,1700.0,1700.0,1700.0,1650.0,1650.0,1600.0,1700.0,1700.0,1700.0,1700.0,1700.0,1700.0,1700.0,1700.0,1700.0,1725.0,1700.0,1795.0,1725.0,1737.5,1700.0,1650.0,1695.0,1695.0,1750.0,1795.0,1800.0,1775.0,1800.0,1700.0,1750.0,1795.0,1775.0,1750.0,1750.0,1780.0,1745.0,1750.0,1750.0,1750.0,1748.0,1775.0,1750.0,1750.0,1800.0,1799.0,1800.0,1800.0,1800.0,1800.0,1800.0
Jamaica,Queens,neighborhood,,,,,,,,,,,,,,,,,,,,,,,,,,,,,,,,,,,,,,,,,,,,,,,,,,,,,,,,,,,,,,,,,,,,,,,,,,,,,,,,,,,1833.0,1816.5,1833.0,1875.0,1950.0,1975.0,1925.0,2383.0,1600.0,,,,,1825.0,2012.5,,1934.5,,1879.0,1994.0
Jamaica Estates,Queens,neighborhood,,,,,,,,,,,,,,,,,,,,,,,,,,,,,,,,,,,,,,,,,,,,,,,,,,,,,,,,,,,,,,,,,,1650.0,1599.0,,,1650.0,1650.0,1562.5,,,1572.5,,1625.0,,,,,1695.0,1625.0,1612.0,,,,,,1650.0,,,,,,,,,,,,
Jamaica Hills,Queens,neighborhood,,,,,,,,,,,,,,,,,,,,,,,,,,,,,,,,,,,,,,,,,,,,,,,,,,,,,,,,,,,,,,,,,,,,,,,,,,,,,,,,,,,,,,,,,,,,,,,,,,,,,,
Kensington,Brooklyn,neighborhood,,1637.5,,,,,,,,,,,,,,,1850.0,1700.0,1500.0,,,,1225.0,1275.0,,1350.0,1300.0,1350.0,1350.0,,,1500.0,1600.0,1690.0,,1600.0,1500.0,1425.0,,,,1500.0,1487.5,1525.0,1575.0,1695.0,1700.0,1600.0,1550.0,1550.0,1675.0,1700.0,1695.0,1700.0,1628.0,1600.0,1592.5,1700.0,1592.5,1550.0,1575.0,1700.0,1750.0,1750.0,1700.0,1687.0,1664.0,1700.0,1700.0,1723.5,1712.5,1737.5,1650.0,1650.0,1650.0,1670.0,1700.0,1762.5,1775.0,1750.0,1740.0,1732.5,1737.5,1700.0,1699.5,1700.0,1720.0,1725.0,1725.0,1725.0,1749.5,1710.0,1697.5,1700.0,1700.0,1695.0,1700.0,1800.0,1790.0,1725.0,1750.0,1700.0
Kew Gardens,Queens,neighborhood,,,,,,,,,,,,,,,,,,,,,,,,,,,,1412.5,1650.0,1650.0,1600.0,1575.0,,,,,,1475.0,1437.5,1500.0,,1472.5,1450.0,1425.0,1450.0,1475.0,1575.0,1450.0,1450.0,1475.0,1500.0,1512.5,1650.0,1650.0,1650.0,1700.0,1650.0,1650.0,1625.0,1650.0,1685.0,1662.5,1650.0,1750.0,1775.0,1700.0,1750.0,1850.0,1775.0,1700.0,1712.5,1700.0,1750.0,1750.0,1700.0,1800.0,1800.0,1800.0,1837.5,1800.0,1790.0,1797.5,1800.0,1800.0,1750.0,1750.0,1792.5,1800.0,1800.0,1750.0,1772.5,1850.0,1800.0,1795.0,1847.5,1800.0,1775.0,1809.0,1835.0,1800.0,1750.0,1797.5
Kew Gardens Hills,Queens,neighborhood,,,,,,,,,,,,,,,,,,,,,,,,,,,,,,,,,,,,,,,,,,,,,,,,,,,,,,,,,,,,,,1550.0,1550.0,1550.0,1550.0,1550.0,,,,,1875.0,,,1875.0,,1875.0,,1650.0,1975.0,,1837.5,,1845.5,1700.0,1850.0,1775.0,1999.0,1700.0,1700.0,1700.0,1700.0,1700.0,,1737.5,1725.0,1725.0,1750.0,1750.0,1750.0,1800.0,1800.0,1800.0
Kingsbridge,Bronx,neighborhood,1168.5,,,,,,,,,,,,,,,,,,,,,,,,,,,,,,,,,1247.5,,,,,,,1175.0,1150.0,,,,,1200.0,1200.0,,1200.0,1275.0,1425.0,1450.0,1700.0,1614.5,1400.0,1300.0,1325.0,1400.0,1450.0,1375.0,1400.0,1361.5,1325.0,1325.0,1325.0,1300.0,1360.0,1495.0,1485.0,1425.0,1425.0,1450.0,1400.0,1400.0,1475.0,1487.5,1500.0,1550.0,1695.0,1575.0,1500.0,1550.0,1550.0,1550.0,1550.0,1551.0,1550.0,1675.0,1495.0,1525.0,1598.0,1595.0,1575.0,1550.0,1500.0,1550.0,1550.0,1595.0,1585.0,1695.0,1662.5
Laconia,Bronx,neighborhood,,,,,,,,,,,,,,,,,,,,,,,,,,,,,,,,,,,,,,,,,,,,,,,,,,,,,,,,,,,,,,,,,,,,,,,,,,,,,,,,,,,,,,,,,,,,,,,,,,,,,,
Laurelton,Queens,neighborhood,,,,,,,,,,,,,,,,,,,,,,,,,,,,,,,,,,,,,,,,,,,,,,,,,,,,,,,,,,,,,,,,,,,,,,,,,,,,,,,,,,,,,,,,,,,,,,,,,,,,,,
Little Italy,Manhattan,neighborhood,2800.0,2547.5,2450.0,2195.0,2200.0,2200.0,2195.0,2195.0,3950.0,3995.0,2895.0,2600.0,2425.0,2322.5,2597.5,2195.0,2125.0,2100.0,2200.0,2300.0,,2450.0,2300.0,,2400.0,2000.0,,,2062.5,2197.5,2195.0,2300.0,2300.0,2225.0,2450.0,3100.0,2637.5,2600.0,2600.0,2535.0,2495.0,2324.5,2162.5,2500.0,2600.0,2647.5,2550.0,3150.0,3150.0,3200.0,2972.5,2850.0,2497.5,2675.0,2800.0,3100.0,3100.0,2400.0,2400.0,2350.0,2497.5,2497.5,2575.0,2822.5,2350.0,2375.0,2499.0,2400.0,3225.0,2412.5,2462.5,2400.0,2350.0,2575.0,2650.0,2525.0,2725.0,2650.0,2600.0,2600.0,2597.5,2595.0,2560.0,2500.0,2500.0,2499.5,2500.0,2600.0,2600.0,2650.0,2475.0,2550.0,2450.0,2400.0,2475.0,2406.0,2399.0,2350.0,2397.0,2397.0,2450.0,2492.5
Little Neck,Queens,neighborhood,,,,,,,,,,,,,,,,,,,,,,,,,,,,,,,,,,,,,,,,,,,,,,,,,,,,,,,,,,,,,,,,,,,,,,,,,,,,,,,,,,,,,,,,,,,,,,,,,,,,,,
Long Island City,Queens,neighborhood,2123.0,2111.5,2225.0,2197.0,2600.0,2655.0,2645.0,2640.0,2694.0,2650.0,2650.0,2625.0,2615.0,2587.5,2690.0,2750.0,2822.5,2820.0,2697.5,2800.0,2850.0,2775.0,2775.0,2675.0,2687.5,2900.0,2890.0,2930.0,2825.0,2830.0,2800.0,2810.0,2800.0,2832.5,2800.0,2750.0,2700.0,2750.0,2712.5,2850.0,2895.0,2912.5,2800.0,2795.0,2780.0,2675.0,2775.0,2765.0,2847.5,2818.0,2750.0,3008.0,2970.0,3004.0,2950.0,2935.0,2900.0,2986.0,2975.0,2988.0,3000.0,3008.5,2980.0,3000.0,2950.0,2990.0,3100.0,2995.0,3000.0,2950.0,2895.0,2925.0,2895.0,2957.0,3100.0,3100.0,3125.0,3150.0,3116.0,3038.5,2995.0,2935.0,2950.0,2934.0,2995.0,2980.0,2995.0,3065.0,3075.0,3091.5,3099.5,3117.0,3000.0,2850.0,2799.5,2800.0,2828.0,2898.0,2950.0,2950.0,3025.0,3111.0
Longwood,Bronx,neighborhood,,,,,,,,,,,,,,,,,,,,,,,,,,,,,,,,,,,,,,,,,,,,,,,,,,,,,,,,,,,,,,,,,,,,,,,,,,,,,,,,,,,,,,,,,,,,,,,,,,,,,,
Lower East Side,Manhattan,neighborhood,1995.0,1975.0,1900.0,1850.0,2050.0,2137.5,2137.5,2050.0,2200.0,2300.0,2300.0,2250.0,2275.0,2225.0,2195.0,2100.0,2195.0,2195.0,2195.0,2200.0,2262.0,2295.0,2225.0,2100.0,2195.0,2395.0,2395.0,2450.0,2350.0,2372.5,2350.0,2395.0,2495.0,2395.0,2395.0,2395.0,2395.0,2395.0,2412.5,2450.0,2395.0,2372.5,2350.0,2300.0,2397.5,2295.0,2295.0,2395.0,2395.0,2450.0,2495.0,2495.0,2550.0,2550.0,2595.0,2595.0,2500.0,2450.0,2500.0,2500.0,2495.0,2500.0,2495.0,2495.0,2500.0,2650.0,2685.0,2650.0,2750.0,2600.0,2600.0,2650.0,2700.0,2662.5,2597.5,2595.0,2625.0,2700.0,2750.0,2750.0,2700.0,2587.5,2575.0,2495.0,2500.0,2650.0,2600.0,2600.0,2643.0,2548.0,2600.0,2600.0,2598.0,2500.0,2495.0,2500.0,2500.0,2495.0,2500.0,2598.0,2599.0,2650.0
Manhattan,Manhattan,borough,2677.0,2650.0,2614.5,2700.0,2700.0,2750.0,2800.0,2800.0,2895.0,2875.0,2835.0,2800.0,2800.0,2850.0,2850.0,2895.0,2950.0,3000.0,2995.0,3000.0,3000.0,3000.0,3050.0,3000.0,3000.0,3000.0,3000.0,3057.0,3095.0,3000.0,3000.0,3000.0,3050.0,3000.0,3000.0,3095.0,3000.0,3100.0,3101.0,3100.0,3095.0,3000.0,3000.0,3100.0,3135.0,3125.0,3175.0,3195.0,3145.0,3150.0,3195.0,3200.0,3200.0,3195.0,3100.0,3100.0,3100.0,3100.0,3100.0,3195.0,3200.0,3200.0,3200.0,3200.0,3250.0,3250.0,3295.0,3300.0,3300.0,3250.0,3200.0,3250.0,3250.0,3275.0,3300.0,3300.0,3300.0,3300.0,3250.0,3200.0,3200.0,3200.0,3200.0,3195.0,3171.0,3200.0,3200.0,3200.0,3200.0,3200.0,3195.0,3200.0,3200.0,3182.0,3100.0,3150.0,3175.0,3150.0,3151.0,3150.0,3150.0,3195.0
Manhattan Beach,Brooklyn,neighborhood,,,,,,,,,,,,,,,,,,,,,,,,,,,,,,,,,,,,,,,,,,,,,,,,,,,,,,,,,,,,,,,,,,,,,,,,,,,,,,,,,,,,,,,,,,,,,,,,,,,,,,
Manhattanville,Manhattan,neighborhood,,,,,,,,,,,,,,,,,,,,,,,,,,,,,,,,,,,,,,,,,,,,,,,,,,,,,,,,,,,,,,,,,,,,,,,,,,,,,,,,,,,,,,,,,,,,,,,,,,,,,,
Marble Hill,Manhattan,neighborhood,,,,,,,,,,,,,,,,,,,,,,,,,,,,,,,,,,,,,,,,,,,,,,,,,,,,,,,,,,,,,,,,,,,,,,,,,,,,,,,,,,,,,,,,,,,,,,,,,,,,,,
Marine Park,Brooklyn,neighborhood,,,,,,,,,,,,,,,,,,,,,,,,,,,,,,,,,,,,,,,,,,,,,,,,,,,,,,,,,,,,,,,,,,,,,,,,,,,,,,,,,,,,,,,,,,,,,,,,,,,,,,
Maspeth,Queens,neighborhood,,,,,,,,,,,,,,,,,,,,,,,,,,,,,,,,,,,,,,,,,,,,,,,,,,,,,,,,,,,,,,,,1500.0,,1549.5,,,,,1500.0,1500.0,1512.5,,1550.0,,,,,,,1550.0,,1600.0,1600.0,1600.0,1600.0,1600.0,1662.5,1675.0,1600.0,1682.5,1650.0,1650.0,1624.5,1500.0,1600.0,1600.0,,1550.0,1572.5,1650.0
Melrose,Bronx,neighborhood,,,,,,,,,,,,,,,,,,,,,,,,,,,,,,,,,,,,,,,,,,,,,,,,,,,,,,,,,,,,,,,,,,,,,,,,,,,,,,,,,,,,,,,,,,,,,,,,,,,,,,1400.0
Middle Village,Queens,neighborhood,,,,,,,,,,,,,,,,,,,,,,,,,,,,,,,,,,,,,,,,,,,,,,,,,,,,,,,,,,,,,,,,,,,,,,,,,,,,,,,,,,,,,,,,,,,,,,,,,,,,,,
Midtown,Manhattan,neighborhood,3275.0,3425.0,3500.0,3750.0,3600.0,3650.0,3500.0,3500.0,3500.0,3500.0,3500.0,3500.0,3700.0,3600.0,3572.5,3750.0,3700.0,3700.0,3925.0,3972.5,3800.0,3800.0,3797.5,3600.0,3650.0,3695.0,3675.0,3650.0,3750.0,3695.0,3797.5,3795.0,3700.0,3795.0,3800.0,3800.0,3700.0,3697.5,3685.0,3725.0,3700.0,3750.0,3750.0,3750.0,3700.0,3700.0,3625.0,3600.0,3695.0,3700.0,3800.0,3725.0,3767.5,3780.0,3750.0,3750.0,3750.0,3800.0,3850.0,3800.0,3800.0,3797.5,3800.0,3862.5,4000.0,3975.0,3970.0,3800.0,3825.0,3850.0,3800.0,3700.0,3700.0,3750.0,3725.0,3750.0,3800.0,3850.0,3895.0,3800.0,3795.0,3700.0,3633.5,3700.0,3600.0,3600.0,3598.0,3682.0,3744.0,3765.5,3700.0,3600.0,3686.0,3687.0,3662.0,3595.0,3600.0,3600.0,3595.0,3600.0,3750.0,3863.0
Midtown East,Manhattan,neighborhood,2675.0,2677.0,2700.0,2795.0,2800.0,2800.0,2850.0,2895.0,2900.0,2850.0,2895.0,2850.0,2895.0,2895.0,2900.0,3000.0,3000.0,3032.5,3150.0,3100.0,3100.0,3100.0,3100.0,3050.0,3095.0,3100.0,3097.5,3100.0,3172.5,3150.0,3000.0,3100.0,3150.0,3100.0,3095.0,3100.0,3100.0,3195.0,3100.0,3100.0,3100.0,3200.0,3200.0,3200.0,3200.0,3200.0,3200.0,3250.0,3200.0,3200.0,3200.0,3250.0,3250.0,3295.0,3250.0,3250.0,3200.0,3206.0,3238.0,3270.0,3295.0,3300.0,3337.0,3300.0,3350.0,3400.0,3450.0,3395.0,3375.0,3295.0,3285.0,3300.0,3295.0,3372.0,3395.0,3395.0,3400.0,3400.0,3350.0,3300.0,3300.0,3295.0,3300.0,3300.0,3296.5,3350.0,3395.0,3395.0,3395.0,3350.0,3325.0,3300.0,3295.0,3295.0,3195.0,3200.0,3247.5,3300.0,3295.0,3300.0,3350.0,3400.0
Midtown South,Manhattan,neighborhood,2850.0,2850.0,3000.0,3237.5,3315.0,3225.0,3300.0,3200.0,3210.0,3220.0,3250.0,3300.0,3300.0,3300.0,3300.0,3300.0,3350.0,3400.0,3300.0,3400.0,3295.0,3297.5,3450.0,3400.0,3500.0,3300.0,3250.0,3300.0,3562.5,3500.0,3525.0,3500.0,3497.5,3495.0,3480.0,3472.5,3450.0,3500.0,3497.5,3450.0,3500.0,3500.0,3550.0,3550.0,3550.0,3600.0,3640.0,3595.0,3550.0,3695.0,3595.0,3700.0,3797.5,3780.0,3700.0,3787.5,3700.0,3672.5,3862.5,3895.0,3804.0,3800.0,3895.0,3950.0,3950.0,3950.0,3950.0,4000.0,4050.0,3995.0,3965.0,3995.0,4022.5,4056.0,4050.0,3995.0,4037.5,4017.5,4015.0,4025.0,4094.0,4056.0,4053.0,4015.0,3995.0,4015.0,4107.0,4056.0,4000.0,3965.0,4015.0,4025.0,4056.0,4015.0,3700.0,3730.0,3600.0,3600.0,3662.5,3700.0,3695.0,4197.5
Midtown West,Manhattan,neighborhood,2650.0,2690.0,2650.0,2690.0,2792.0,2810.0,3000.0,2950.0,2992.5,3000.0,2950.0,2900.5,2900.0,2995.0,3075.0,3100.0,3200.0,3130.5,3200.0,3200.0,3200.0,3150.0,3190.0,3185.5,3100.0,3032.5,3200.0,3250.0,3290.0,3295.0,3290.0,3250.0,3300.0,3300.0,3317.5,3335.0,3250.0,3236.0,3290.0,3290.0,3270.0,3300.0,3275.0,3300.0,3297.5,3275.0,3274.5,3300.0,3325.0,3350.0,3433.0,3470.0,3475.0,3495.0,3450.0,3400.0,3400.0,3400.0,3400.0,3400.0,3350.0,3355.0,3400.0,3400.0,3500.0,3500.0,3482.0,3490.0,3425.0,3350.0,3300.0,3307.5,3250.0,3300.0,3369.0,3492.5,3500.0,3495.0,3400.0,3395.0,3370.0,3331.0,3300.0,3295.0,3295.0,3365.0,3300.0,3400.0,3467.5,3447.5,3475.0,3490.0,3342.0,3295.0,3277.0,3295.0,3345.0,3305.0,3320.0,3369.0,3417.5,3494.0
Midwood,Brooklyn,neighborhood,,,,,,,,,,,,,,,,,,,,,1300.0,1450.0,1450.0,1275.0,1300.0,1300.0,1300.0,1350.0,,1375.0,1375.0,1300.0,1300.0,1300.0,1300.0,1300.0,1300.0,1250.0,1250.0,1250.0,1250.0,1250.0,1300.0,1307.5,1307.5,1300.0,1300.0,1285.0,1297.5,1350.0,1350.0,1350.0,1385.0,1400.0,1450.0,1450.0,1450.0,1450.0,1425.0,1437.0,1397.5,1400.0,1450.0,1450.0,1462.5,1500.0,1500.0,1512.5,1500.0,1500.0,1550.0,1550.0,1537.5,1550.0,1515.0,1507.5,1550.0,1549.0,1625.0,1595.0,1595.0,1567.0,1550.0,1585.0,1600.0,1600.0,1645.0,1600.0,1599.5,1575.0,1600.0,1595.0,1612.5,1600.0,1600.0,1600.0,1650.0,1600.0,1650.0,1600.0,1600.0,1650.0
Mill Basin,Brooklyn,neighborhood,,,,,,,,,,,,,,,,,,,,,,,,,,,,,,,,,,,,,,,,,,,,,,,,,,,,,,,,,,,,,,,,,,,,,,,,,,,,,,,,,,,,,,,,,,,,,,,,,,,,,,
Morningside Heights,Manhattan,neighborhood,1695.0,1800.0,2000.0,1997.5,2025.0,2095.0,2100.0,1887.5,1810.0,,,,,2195.0,2195.0,2172.5,2350.0,2350.0,2150.0,2250.0,,2250.0,1950.0,,,2050.0,2200.0,2391.0,2950.0,2675.0,2550.0,2497.5,,,,2050.0,2000.0,2450.0,2347.5,2300.0,2500.0,2592.5,2595.0,2595.0,2595.0,2937.5,2775.0,2775.0,3350.0,3225.0,3357.5,3495.0,3497.5,3550.0,3580.0,3580.0,3509.0,3455.0,3425.0,3370.0,2950.0,3260.0,3130.0,3390.0,3392.5,3390.0,3390.0,3390.0,2972.5,3140.0,2825.0,2800.0,2950.0,3184.0,3235.0,3189.0,3117.5,3240.0,3277.0,3208.0,3202.0,2995.0,2847.5,2800.0,2780.0,2695.0,2725.0,2784.0,2950.0,2500.0,2600.0,2744.5,2947.5,2875.0,2825.0,2850.0,2825.0,2747.5,2700.0,2700.0,2750.0,2775.0
Morris Heights,Bronx,neighborhood,,,,,,,,,,,,,,,,,,,,,,,,,,,,,,,,,,,,,,,,,,,,,,,,,,,,,,,,,,1250.0,1250.0,1295.0,1295.0,1295.0,,,,,,,,,,,,,1350.0,,,,,,1450.0,1525.0,,,,,,,,,,1650.0,1650.0,1650.0,1600.0,,,,,,,
Morris Park,Bronx,neighborhood,,,,,,,,,,,,,,,,,,,,,,,,,,,,,,,,,,,,,,,,,,,,,,,,,,,,,,,,,,,,,,,,,,,,,,,,,,,,,,,,,,,,,,,,,,,,,,,,,,,,,,
Morrisania,Bronx,neighborhood,,,,,,,,,,,,,,,,,,,,,,,,,,,,,,,,,,,,,,,,,,,,,,,,,,,,,,,,,,,,,,,,,,,,,,,,,,,,,,,,,,,,,,,,,,,,,,,,,,,,,,
Mott Haven,Bronx,neighborhood,,,,,,,,,,,,,,,,,,,,,,,,,,,,,,,,,,,,,,,,,,,,,,,,,,,,,,,,,,,,,1700.0,1700.0,1700.0,1700.0,1625.0,,,,,,,,,,,1500.0,1600.0,1800.0,1637.5,1696.0,,,,,1900.0,1550.0,1575.0,1825.0,1800.0,1950.0,1825.0,1850.0,1850.0,1818.5,2050.0,2050.0,2200.0,2000.0,1862.5,1824.5,1700.0,2025.0
NYC,NYC,city,2500.0,2500.0,2500.0,2589.5,2600.0,2602.5,2655.0,2694.5,2750.0,2700.0,2695.0,2695.0,2675.0,2695.0,2700.0,2700.0,2700.0,2800.0,2800.0,2850.0,2895.0,2900.0,2900.0,2875.0,2875.0,2850.0,2900.0,2922.5,2900.0,2885.0,2850.0,2850.0,2900.0,2895.0,2895.0,2900.0,2850.0,2900.0,2950.0,2902.0,2900.0,2875.0,2850.0,2900.0,2900.0,2880.0,2850.0,2858.5,2850.0,2850.0,2850.0,2850.0,2895.0,2850.0,2750.0,2750.0,2700.0,2659.0,2650.0,2700.0,2750.0,2750.0,2700.0,2750.0,2750.0,2750.0,2795.0,2800.0,2750.0,2750.0,2700.0,2750.0,2800.0,2800.0,2818.0,2825.0,2850.0,2825.0,2800.0,2795.0,2750.0,2750.0,2700.0,2695.0,2644.0,2600.0,2600.0,2600.0,2600.0,2600.0,2585.0,2700.0,2695.0,2645.5,2575.0,2595.0,2575.0,2550.0,2580.0,2600.0,2595.0,2600.0
New Hyde Park,Queens,neighborhood,,,,,,,,,,,,,,,,,,,,,,,,,,,,,,,,,,,,,,,,,,,,,,,,,,,,,,,,,,,,,,,,,,,,,,,,,,,,,,,,,,,,,,,,,,,,,,,,,,,,,,
Nolita,Manhattan,neighborhood,2650.0,2595.0,2495.0,2650.0,2500.0,2600.0,2625.0,2795.0,2825.0,2900.0,2700.0,2750.0,2800.0,2862.5,2725.0,2950.0,2575.0,2400.0,2995.0,3085.0,3085.0,2575.0,2875.0,2875.0,3200.0,3345.0,3247.5,3297.5,3495.0,3395.0,3295.0,3297.5,3000.0,3097.5,2950.0,3047.5,3047.5,3000.0,3047.5,3072.5,3200.0,3285.0,3300.0,3295.0,3295.0,2500.0,3197.5,3062.5,3000.0,2962.5,2950.0,3200.0,3100.0,3300.0,3395.0,3450.0,3400.0,3300.0,3395.0,3395.0,3495.0,3395.0,3412.5,3595.0,3395.0,3364.0,3295.0,3195.0,3200.0,3395.0,3195.0,3147.0,3295.0,3295.0,3387.5,3595.0,3595.0,3595.0,3397.5,3486.5,3395.0,3350.0,3350.0,3172.0,3350.0,3395.0,3395.0,3395.0,3397.5,3247.5,3197.5,3295.0,3247.5,3000.0,3095.0,3150.0,3231.0,3095.0,3125.0,3022.5,3300.0,3495.0
North Brooklyn,Brooklyn,submarket,2300.0,2300.0,2300.0,2350.0,2377.5,2500.0,2500.0,2500.0,2550.0,2550.0,2550.0,2571.0,2568.0,2500.0,2800.0,2763.0,2700.0,2850.0,2781.5,2537.0,2700.0,2747.5,2700.0,2800.0,2850.0,2862.0,2812.5,2862.0,2947.5,2900.0,2812.5,3000.0,3092.0,3035.5,3000.0,3000.0,2900.0,2883.0,2850.0,2850.0,2900.0,3000.0,3082.5,2960.0,2900.0,2890.0,2900.0,2850.0,2875.0,2887.5,2896.5,2930.0,2997.0,3100.0,3100.0,3140.0,2962.5,2850.0,2986.0,2999.0,2937.0,2950.0,2900.0,2950.0,2800.0,2900.0,2950.0,2950.0,2900.0,2982.5,2937.5,2921.0,2995.0,2850.0,2850.0,2795.5,2797.5,2800.0,2850.0,2850.0,2795.0,2850.0,2862.0,2875.0,2797.0,2800.0,2769.0,2700.0,2695.0,2750.0,2750.0,2741.0,2700.0,2660.0,2600.0,2591.5,2647.0,2649.0,2600.0,2600.0,2699.0,2700.0
North Corona,Queens,neighborhood,,,,,,,,,,,,,,,,,,,,,,,,,,,,,,,,,,,,,,,,,,,,,,,,,,,,,,,,,,,,,,1475.0,1550.0,,,1575.0,1525.0,,,,,,,1650.0,,,,,,,,,,,,,,,,,,,,,,,1550.0,1610.0,,,,
Northeast Queens,Queens,submarket,1350.0,1350.0,1375.0,1375.0,1350.0,1325.0,1350.0,1400.0,1337.5,1337.5,1375.0,1350.0,1350.0,1300.0,1300.0,1299.5,1300.0,1297.0,1350.0,1362.5,1350.0,1300.0,1300.0,1337.5,1350.0,1325.0,1400.0,1399.0,1400.0,1400.0,1450.0,1387.5,1375.0,1400.0,1412.5,1412.5,1350.0,1400.0,1395.0,1400.0,1450.0,1450.0,1450.0,1450.0,1450.0,1465.0,1500.0,1450.0,1450.0,1495.0,1500.0,1500.0,1550.0,1595.0,1621.5,1600.0,1600.0,1625.0,1600.0,1600.0,1550.0,1550.0,1550.0,1595.0,1600.0,1600.0,1600.0,1600.0,1650.0,1695.0,1695.0,1650.0,1692.5,1700.0,1700.0,1750.0,1750.0,1725.0,1750.0,1700.0,1695.0,1695.0,1695.0,1700.0,1662.5,1700.0,1700.0,1700.0,1700.0,1700.0,1700.0,1750.0,1700.0,1725.0,1725.0,1700.0,1700.0,1725.0,1750.0,1750.0,1725.0,1750.0
Northwest Brooklyn,Brooklyn,submarket,1975.0,1975.0,1975.0,2000.0,2100.0,2200.0,2250.0,2262.5,2360.0,2300.0,2150.0,2100.0,2150.0,2200.0,2285.0,2300.0,2300.0,2350.0,2400.0,2498.0,2500.0,2500.0,2400.0,2400.0,2500.0,2500.0,2500.0,2500.0,2500.0,2500.0,2500.0,2550.0,2613.0,2600.0,2600.0,2700.0,2600.0,2700.0,2725.0,2700.0,2700.0,2700.0,2700.0,2700.0,2700.0,2650.0,2563.0,2600.0,2640.0,2607.0,2650.0,2700.0,2750.0,2700.0,2700.0,2700.0,2624.0,2650.0,2650.0,2650.0,2695.0,2650.0,2650.0,2750.0,2750.0,2700.0,2695.0,2700.0,2768.0,2746.0,2700.0,2650.0,2719.0,2719.0,2795.0,2800.0,2800.0,2800.0,2795.0,2795.0,2800.0,2777.5,2735.0,2700.0,2700.0,2700.0,2743.0,2750.0,2784.0,2795.0,2795.0,2775.0,2770.0,2775.0,2750.0,2800.0,2770.0,2740.0,2750.0,2750.0,2860.0,2900.0
Northwest Queens,Queens,submarket,1550.0,1595.0,1602.5,1602.5,1846.0,1997.5,1846.0,1846.0,2300.0,2400.0,2390.0,1800.0,1600.0,1897.5,1750.0,1825.0,1900.0,1950.0,1845.0,1997.5,2000.0,1900.0,2450.0,2050.0,1850.0,2810.0,2805.0,2800.0,2752.5,2725.0,2720.0,2745.0,2605.0,2585.0,2303.0,2300.0,2200.0,2150.0,2000.0,2100.0,2075.0,2075.0,2150.0,2400.0,2562.5,2200.0,2200.0,2100.0,2100.0,2000.0,2000.0,2150.0,2100.0,2200.0,2100.0,2097.5,1995.0,2075.0,2000.0,1950.0,2000.0,2000.0,1975.0,2000.0,2000.0,2100.0,2100.0,2150.0,2100.0,2100.0,2056.5,2100.0,2100.0,2100.0,2150.0,2200.0,2200.0,2250.0,2200.0,2350.0,2295.0,2200.0,2200.0,2100.0,2095.0,2000.0,2000.0,2000.0,1999.5,2000.0,2000.0,2150.0,2100.0,2000.0,2050.0,2050.0,2000.0,2000.0,2000.0,2000.0,2000.0,2000.0
Norwood,Bronx,neighborhood,,,,,,,,,,,,,,,,,,,,,,,,,,,,,,,,,,,,,,,,,,,,,,,,,,,,,,,,,,,,1295.0,1295.0,1350.0,1449.0,1350.0,1300.0,1312.5,1337.5,1300.0,1300.0,1312.5,1350.0,1350.0,1350.0,1350.0,1350.0,1399.5,1362.5,1350.0,1375.0,1375.0,1385.0,1400.0,1385.0,1450.0,1425.0,1350.0,1412.5,1397.5,1450.0,1450.0,1495.0,1450.0,1400.0,,1490.0,1412.5,,,,,,
Oakland Gardens,Queens,neighborhood,,,,,,,,,,,,,,,,,,,,,,,,,,,,,,,,,,,,,,,,,,,,,,,,,,,,,,,,,,,,,,,,,,,,,,,,,,,,,,,,1750.0,,,,,1700.0,,,,,1700.0,,1675.0,,,,,,,,,,
Ocean Parkway,Brooklyn,neighborhood,,,,,,,,,,,,,,1287.5,,,,,,,,,,,,,,,,,,,,,,1350.0,1350.0,1375.0,1362.5,,,,,,,,1400.0,,,,,,,1397.5,1450.0,1437.5,1395.0,1375.0,1375.0,1400.0,1475.0,1475.0,,1495.0,1495.0,1485.0,1450.0,1495.0,1512.5,1500.0,1487.5,1497.5,1550.0,1550.0,1575.0,1575.0,1612.5,1550.0,,1612.5,,,,1600.0,1627.5,1635.0,1650.0,1625.0,1650.0,1650.0,1632.5,1600.0,1600.0,1600.0,1675.0,1650.0,1600.0,1612.5,1662.5,1699.5,1699.5,1699.5
Old Mill Basin,Brooklyn,neighborhood,,,,,,,,,,,,,,,,,,,,,,,,,,,,,,,,,,,,,,,,,,,,,,,,,,,,,,,,,,,,,,,,,,,,,,,,,,,,,,,,,,,,,,,,,,,,,,,,,,,,,,
Ozone Park,Queens,neighborhood,,,,,,,,,,,,,,,,,,,,,,,,,,,,,,,,,,,,,,,,,,,,,,,,,,,,,,,,,,,,,,,,,,,,,,,,,,,,,,,,,,,,,,,,,,,,,,,,,,,,,,
Park Slope,Brooklyn,neighborhood,1850.0,1850.0,1800.0,1850.0,1900.0,2000.0,1997.5,2000.0,2200.0,2300.0,2000.0,2000.0,1950.0,2150.0,2200.0,2100.0,2100.0,2200.0,2200.0,2250.0,2350.0,2450.0,2425.0,2375.0,2400.0,2300.0,2335.0,2372.5,2284.0,2250.0,2300.0,2300.0,2300.0,2300.0,2300.0,2400.0,2350.0,2300.0,2300.0,2200.0,2200.0,2400.0,2425.0,2450.0,2450.0,2450.0,2447.5,2400.0,2400.0,2300.0,2300.0,2395.0,2395.0,2400.0,2475.0,2495.0,2500.0,2500.0,2375.0,2375.0,2500.0,2500.0,2500.0,2500.0,2500.0,2475.0,2495.0,2500.0,2500.0,2495.0,2497.5,2500.0,2550.0,2500.0,2500.0,2512.5,2500.0,2500.0,2500.0,2500.0,2500.0,2500.0,2500.0,2500.0,2495.0,2500.0,2500.0,2450.0,2500.0,2500.0,2500.0,2500.0,2500.0,2450.0,2400.0,2400.0,2450.0,2448.0,2495.0,2495.0,2500.0,2500.0
Parkchester,Bronx,neighborhood,,,,,,,,,,,,,,,,,,,,,,,,,,,,,,,,,,,,,,,,,,,,,,1062.5,,,,,,,,,1195.0,1195.0,1225.0,1200.0,1195.0,1195.0,,,,,,,1225.0,1216.0,1202.5,1255.0,,,,,,,,,,,,1305.0,1350.0,1425.0,1425.0,,,,,1400.0,1332.0,1322.0,,1395.0,1360.0,1395.0,,1415.0,1430.0,,,1431.0
Pelham Bay,Bronx,neighborhood,,,,,,,,,,,,,,,,,,,,,,,,,,,,,,,,,,,,,,,,,,,,,,,,,,,,,,,,,,,,,,,1300.0,1300.0,,,,,,,,,,,,,,,,,,1500.0,1500.0,,,,,,,,1500.0,,,,,,,,,,,
Pelham Gardens,Bronx,neighborhood,,,,,,,,,,,,,,,,,,,,,,,,,,,,,,,,,,,,,,,,,,,,,,,,,,,,,,,,,,,,,,,,,,,,,,,,,,,,,,,,,,,,,,,,,,,,,,,,,,,,,,
Pelham Parkway,Bronx,neighborhood,,,,,,,,,,,,,,,,,,,,,,,,,,,,,,,,,,,,,,,,,,,,,,,,,,,1289.0,1350.0,1350.0,,1445.0,1400.0,1400.0,1400.0,1400.0,1400.0,1400.0,1400.0,1400.0,1400.0,1389.5,1389.5,1337.5,1425.0,1350.0,,1400.0,1450.0,1450.0,1450.0,1450.0,1450.0,1450.0,1450.0,1500.0,1500.0,1500.0,1500.0,1500.0,1500.0,1500.0,1500.0,1575.0,1575.0,1575.0,1575.0,1575.0,1575.0,1575.0,1575.0,1600.0,1600.0,1600.0,,,,1625.0,1650.0
Pomonok,Queens,neighborhood,,,,,,,,,,,,,,,,,,,,,,,,,,,,,,,,,,,,,,,,,,,,,,,,,,,,,,,,,,,,,,,,,,,,,,,,,,,,,,,,,,,,,,,,,,,,,,,,,,,,,,
Port Morris,Bronx,neighborhood,,,,,,,,,,,,,,,,,,,,,,,,,,,,,,,,,,,,,,,,,,,,,,,,,,,,,,,,,,,,,,,,,,,,,,,,,,,,,,,,,,,,,,,,,,,,,,,,,,,,,,
Prospect Heights,Brooklyn,neighborhood,1650.0,1625.0,1650.0,1875.0,1975.0,2000.0,1900.0,1800.0,1800.0,1975.0,2000.0,1550.0,1800.0,,,2075.0,2100.0,2100.0,2100.0,,2500.0,2150.0,,2212.5,1900.0,1795.0,1795.0,2150.0,2250.0,2250.0,2100.0,2155.0,,1950.0,1987.5,2100.0,2000.0,2200.0,2150.0,2125.0,2150.0,2150.0,2225.0,2300.0,2300.0,2250.0,2275.0,2225.0,2250.0,2272.5,2200.0,2272.5,2395.0,2300.0,2275.0,2300.0,2272.5,2300.0,2300.0,2297.5,2300.0,2400.0,2350.0,2475.0,2425.0,2500.0,2375.0,2350.0,2450.0,2450.0,2450.0,2400.0,2350.0,2450.0,2537.5,2525.0,2450.0,2550.0,2400.0,2400.0,2495.0,2462.5,2400.0,2400.0,2400.0,2400.0,2467.5,2600.0,2670.0,2725.0,2800.0,2700.0,2725.0,2700.0,2680.0,2680.0,2599.0,2680.0,2640.0,2487.0,2680.0,2677.5
Prospect Lefferts Gardens,Brooklyn,neighborhood,,,,,,,,,,,,,,,,,,1200.0,,,,,,,,,,,,,1285.0,1325.0,1350.0,1350.0,,,1400.0,,,,,,,1575.0,1625.0,1550.0,,1400.0,1500.0,1425.0,1450.0,1569.0,1500.0,1550.0,1550.0,1500.0,1500.0,1575.0,1597.5,1500.0,1525.0,1500.0,1550.0,1590.0,1600.0,1600.0,1597.5,1600.0,1600.0,1600.0,1625.0,1600.0,1650.0,1733.0,1682.5,1675.0,1699.0,1750.0,1900.0,1900.0,1900.0,1892.0,1850.0,1842.5,1800.0,1800.0,1800.0,1750.0,1750.0,1795.0,1795.0,1800.0,1797.5,1824.0,1795.0,1850.0,1835.0,1875.0,1800.0,1840.0,1950.0,1950.0
Prospect Park,Brooklyn,submarket,1800.0,1800.0,1750.0,1800.0,1900.0,1900.0,1900.0,1850.0,2000.0,2100.0,1850.0,1799.5,1850.0,2050.0,2000.0,2000.0,2100.0,2100.0,2100.0,2100.0,2300.0,2300.0,2300.0,2300.0,2300.0,2250.0,2300.0,2300.0,2200.0,2200.0,2050.0,2050.0,2100.0,2100.0,2000.0,2200.0,2100.0,2175.0,2150.0,2150.0,2200.0,2250.0,2300.0,2300.0,2300.0,2300.0,2300.0,2250.0,2250.0,2229.0,2200.0,2262.5,2300.0,2300.0,2300.0,2300.0,2300.0,2300.0,2250.0,2250.0,2350.0,2300.0,2350.0,2400.0,2300.0,2275.0,2250.0,2300.0,2362.5,2397.5,2395.0,2395.0,2400.0,2400.0,2400.0,2450.0,2400.0,2400.0,2350.0,2300.0,2300.0,2300.0,2300.0,2312.5,2300.0,2350.0,2300.0,2395.0,2400.0,2400.0,2350.0,2400.0,2400.0,2300.0,2237.0,2237.0,2300.0,2300.0,2300.0,2300.0,2350.0,2350.0
Prospect Park South,Brooklyn,neighborhood,,,,,,,,,,,,,,,,,,,,,,,,,,,,,,,,1189.5,,,,,,,,,1262.5,,,1425.0,1325.0,1350.0,1450.0,1550.0,1550.0,,2300.0,2087.5,1900.0,1950.0,2273.0,2100.0,2186.0,1900.0,2025.0,1572.5,1597.5,1595.0,1650.0,1772.5,1750.0,1650.0,1650.0,1650.0,1650.0,1700.0,1925.0,1700.0,1850.0,1900.0,1800.0,1950.0,1850.0,1910.0,1837.5,1795.0,1795.0,1875.0,1825.0,1750.0,1724.5,1650.0,1687.5,1775.0,1958.5,1775.0,1750.0,1750.0,1780.0,1772.5,1795.0,1795.0,1795.0,1812.5,1750.0,1850.0,2022.5,1875.0
Queens,Queens,borough,1419.0,1450.0,1500.0,1485.0,1389.5,1400.0,1400.0,1425.0,1450.0,1400.0,1400.0,1375.0,1350.0,1350.0,1500.0,1575.0,1650.0,1650.0,1550.0,1650.0,1662.5,1550.0,1595.0,1597.5,1600.0,2550.0,2595.0,2300.0,2600.0,2595.0,2500.0,2450.0,2100.0,1950.0,1837.5,1875.0,1675.0,1750.0,1650.0,1700.0,1795.0,1850.0,1950.0,1977.5,2100.0,2000.0,1870.0,1800.0,1775.0,1775.0,1800.0,1800.0,1750.0,1850.0,1800.0,1850.0,1835.0,1850.0,1800.0,1795.0,1800.0,1800.0,1800.0,1800.0,1850.0,1875.0,1875.0,1950.0,1880.0,1850.0,1850.0,1875.0,1875.0,1900.0,1900.0,1975.0,2000.0,1999.5,1950.0,2000.0,1999.0,1950.0,1950.0,1950.0,1900.0,1895.0,1900.0,1895.0,1875.0,1875.0,1875.0,1950.0,1900.0,1900.0,1900.0,1875.0,1875.0,1886.5,1900.0,1900.0,1900.0,1900.0
Queens Village,Queens,neighborhood,,,,,,,,,,,,,,,,,,,,,,,,,,,,,,,,,,,,,,,,,,,,,,,,,,,,,,,,,,,,,,,,,,,,,,,,,,,,,,,,,,,,,,,,,,,,,,,,,,,,,,
Queensboro Hill,Queens,neighborhood,,,,,,,,,,,,,,,,,,,,,,,,,,,,,,,,,,,,,,,,,,,,,,,,,,,,,,,,,,,,,,,,,,,,,,,,,,,,,,,,,,,,,,,,,,,,,,,,,,,,,,
Red Hook,Brooklyn,neighborhood,,,,,,,,,,1450.0,1487.5,,1650.0,,,,,,,,,,,,,,2000.0,,1950.0,2000.0,,,,,,,2000.0,,,,,,,,,,,,,2050.0,2200.0,2400.0,2400.0,,2300.0,2200.0,2000.0,1872.5,1900.0,2050.0,,1775.0,1800.0,1800.0,2300.0,2000.0,1900.0,2199.5,1800.0,2399.5,2500.0,2424.5,2287.5,2200.0,,,2147.5,2200.0,,,,,,2187.5,2300.0,,,,2500.0,2495.0,2500.0,,2175.0,,,,,1800.0,,2025.0,2050.0,1950.0
Rego Park,Queens,neighborhood,1362.5,1387.5,,1300.0,1350.0,,,,1350.0,1350.0,1350.0,1350.0,1350.0,1400.0,1400.0,,1350.0,1400.0,1400.0,1400.0,1425.0,1400.0,,1500.0,1512.5,1550.0,,,,,1450.0,1450.0,1450.0,1450.0,1450.0,1475.0,1550.0,1550.0,1525.0,1400.0,1400.0,1425.0,1600.0,1650.0,1650.0,1700.0,1600.0,1638.5,1620.0,1613.0,1575.0,1685.0,1725.0,1725.0,1750.0,1800.0,1837.5,1850.0,1850.0,1800.0,1900.0,1885.0,1887.5,1900.0,1899.0,1850.0,1850.0,1850.0,1797.5,1750.0,1800.0,1800.0,1950.0,1950.0,1950.0,2000.0,2000.0,1900.0,1962.5,2087.5,2000.0,1950.0,2087.5,2225.0,2050.0,1950.0,1865.0,1865.0,1850.0,1850.0,1850.0,2000.0,1925.0,1925.0,1854.0,1800.0,1797.5,1845.0,1875.0,1833.0,1795.0,1850.0
Richmond Hill,Queens,neighborhood,,,,,,,,,,,,,,,,,,,,,,,,,,,,,,,,,,,,,,,,,,,,,,,,,,,,,,,,,,,,,,,,,,,,,,,,,,,,,,,,,,,,,,,,,,,,,,,,,,,,,,
Ridgewood,Queens,neighborhood,,,,,,,,,,,,,,,,,,,,,,,,,,,2025.0,2025.0,,,,,,,,,,,,,,,,,,,,,,,,1500.0,1475.0,1600.0,1600.0,,1597.5,1525.0,,,1575.0,,1625.0,1600.0,1800.0,1900.0,1850.0,2000.0,1900.0,1825.0,1787.5,1800.0,1700.0,1695.0,1750.0,1800.0,1750.0,1795.0,1799.0,1800.0,1850.0,1850.0,1850.0,1800.0,1800.0,1775.0,1750.0,1799.5,1800.0,1750.0,1850.0,1925.0,2000.0,1942.5,1900.0,1900.0,1850.0,1906.5,1899.0,1800.0,1800.0,1900.0
Riverdale,Bronx,neighborhood,1575.0,1500.0,1500.0,1450.0,1475.0,1500.0,1475.0,,,1500.0,1500.0,1500.0,1475.0,1450.0,1550.0,1550.0,1550.0,1475.0,1525.0,1450.0,1462.5,1475.0,1500.0,1450.0,1450.0,1500.0,1550.0,1572.5,1500.0,1500.0,1550.0,1550.0,1500.0,1500.0,1500.0,1525.0,1550.0,1600.0,1625.0,1600.0,1600.0,1600.0,1597.5,1595.0,1650.0,1650.0,1600.0,1650.0,1600.0,1595.0,1625.0,1695.0,1672.5,1700.0,1750.0,1662.5,1713.0,1675.0,1675.0,1738.0,1750.0,1760.5,1850.0,1713.0,1700.0,1825.0,1700.0,1795.0,1750.0,1800.0,1850.0,1800.0,1800.0,1750.0,1785.0,1800.0,1800.0,1800.0,1800.0,1762.5,1750.0,1750.0,1850.0,1850.0,1829.0,1800.0,1797.5,1812.5,1800.0,1800.0,1800.0,1800.0,1750.0,1725.0,1750.0,1875.0,1800.0,1800.0,1875.0,1875.0,1825.0,1895.0
Rockaway All,Queens,neighborhood,,,,,,,,,,,,,,,,,,,,,,,,,,,,,,,,,,,,,,,,,,,,1282.0,1282.0,1282.0,1282.0,1282.0,1282.0,1282.0,1282.0,1282.0,1287.0,1292.0,1287.0,,,,1350.0,1300.0,,,1350.0,1425.0,1347.5,1322.5,1350.0,1350.0,1399.5,1350.0,1374.5,,,,1425.0,1450.0,,1550.0,1595.0,1550.0,1675.0,1700.0,1655.0,1602.5,1590.0,1655.0,,,,1699.0,1699.0,,1672.0,1647.0,1499.0,1475.0,,1475.0,,,1600.0,1599.0
Roosevelt Island,Manhattan,neighborhood,,2184.5,2161.5,2300.0,2169.0,2169.0,2169.0,2300.0,2308.0,2325.0,2300.0,2300.0,2300.0,2238.0,2275.0,2401.0,2500.0,2475.0,2475.0,,2572.5,2595.0,2700.0,2700.0,,,,,2960.0,2872.5,2900.0,2950.0,2812.5,2775.0,2525.0,2612.5,2700.0,,2900.0,3000.0,2700.0,2700.0,2795.0,3072.5,2795.0,2795.0,2695.0,3197.5,3195.0,3095.0,2972.5,2695.0,3195.0,3095.0,2995.0,2995.0,2925.0,2600.0,2695.0,2875.0,2800.0,2800.0,2800.0,2995.0,2918.0,2995.0,3237.5,3250.0,2662.5,2579.0,2795.0,3050.0,3150.0,3130.0,3100.0,2950.0,3271.0,3271.0,3100.0,3100.0,3097.5,2850.0,2668.0,2738.0,2775.0,3043.0,2725.0,2900.0,3000.0,3295.0,3300.0,3285.0,2850.0,2900.0,2825.0,2550.0,2825.0,2714.0,2950.0,2955.0,3150.0,3078.0
Rosedale,Queens,neighborhood,,,,,,,,,,,,,,,,,,,,,,,,,,,,,,,,,,,,,,,,,,,,,,,,,,,,,,,,,,,,,,,,,,,,,,,,,,,,,,,,,,,,,,,,,,,,,,,,,,,,,,
Schuylerville,Bronx,neighborhood,,,,,,,,,,,,,,,,,,,,,,,,,,,,,,,,,,,,,,,,,,,,,,,,,,,,,,,,,,,,,,,,,,,,,,,,,,,,,,,,,,,,,,,,,,,,,,,,,,,,,,
Seagate,Brooklyn,neighborhood,,,,,,,,,,,,,,,,,,,,,,,,,,,,,,,,,,,,,,,,,,,,,,,,,,,,,,,,,,,,,,,,,,,,,,,,,,,,,,,,,,,,,,,,,,,,,,,,,,,,,,
Sheepshead Bay,Brooklyn,neighborhood,,1175.0,,,,,,,,,,,1248.0,1250.0,1275.0,1300.0,1250.0,1250.0,1350.0,1262.5,1400.0,1225.0,1350.0,1400.0,1450.0,1400.0,1325.0,1337.5,1400.0,1300.0,1437.5,,1500.0,1400.0,1400.0,1400.0,1400.0,1400.0,1425.0,1475.0,1400.0,1400.0,1395.0,1400.0,1375.0,1400.0,1472.5,1387.5,1350.0,1362.5,1400.0,1475.0,1500.0,1450.0,1412.5,1400.0,1400.0,1500.0,1490.0,1490.0,1450.0,1400.0,1500.0,1500.0,1500.0,1550.0,1550.0,1550.0,1550.0,1550.0,1550.0,1525.0,1500.0,1600.0,1597.0,1575.0,1550.0,1562.5,1550.0,1592.5,1625.0,1600.0,1600.0,1595.0,1600.0,1625.0,1650.0,1600.0,1602.0,1675.0,1697.5,1650.0,1695.0,1675.0,1695.0,1697.0,1695.0,1650.0,1645.0,1675.0,1699.0,1650.0
Soho,Manhattan,neighborhood,3000.0,3000.0,3000.0,3050.0,2900.0,3095.0,3200.0,2975.0,3425.0,3000.0,3000.0,3651.0,3000.0,3000.0,2845.0,3195.0,3200.0,3800.0,4000.0,3800.0,3800.0,3500.0,3700.0,3800.0,3800.0,3850.0,3950.0,4250.0,3925.0,3645.0,3447.5,3195.0,4000.0,3525.0,3299.0,3750.0,3750.0,3300.0,3375.0,3700.0,3297.5,3300.0,2997.5,3311.0,3750.0,3450.0,3450.0,3150.0,3200.0,3500.0,3100.0,3347.5,3400.0,3500.0,3495.0,3050.0,3295.0,3600.0,3550.0,3250.0,3450.0,3350.0,3675.0,3495.0,3850.0,3850.0,3597.5,3300.0,3597.5,3475.0,3400.0,3397.5,3350.0,3295.0,3650.0,3700.0,3550.0,3325.0,3250.0,3172.5,3500.0,3500.0,3400.0,3372.5,3350.0,3200.0,3400.0,3600.0,3537.5,3400.0,3395.0,3108.5,3117.0,3200.0,3472.5,3600.0,3457.5,3625.0,3600.0,3597.5,3250.0,3200.0
Soundview,Bronx,neighborhood,,,,,,,,,,,,,,,,,,,,,,,,,,,,,,,,,,,,,,,,,,,,,,,,,,,,,,,,,,,,1262.5,1262.5,1300.0,1362.5,1287.5,1275.0,1275.0,1275.0,1250.0,1275.0,1350.0,,,,,,,,,,,,1425.0,1450.0,,,,1412.5,1400.0,,,,,,,,,,,1500.0,,,
South Brooklyn,Brooklyn,submarket,1350.0,1300.0,1300.0,1300.0,1300.0,1312.5,1300.0,1250.0,1200.0,1295.0,1300.0,1250.0,1250.0,1275.0,1275.0,1300.0,1275.0,1300.0,1275.0,1250.0,1300.0,1325.0,1300.0,1300.0,1350.0,1345.0,1300.0,1347.5,1375.0,1375.0,1400.0,1400.0,1400.0,1400.0,1400.0,1400.0,1395.0,1385.0,1375.0,1425.0,1450.0,1400.0,1400.0,1400.0,1400.0,1470.0,1500.0,1497.5,1500.0,1500.0,1500.0,1500.0,1500.0,1500.0,1475.0,1475.0,1492.5,1500.0,1495.0,1475.0,1475.0,1500.0,1525.0,1525.0,1500.0,1550.0,1550.0,1595.0,1600.0,1595.0,1600.0,1595.0,1600.0,1600.0,1600.0,1600.0,1610.0,1650.0,1650.0,1650.0,1675.0,1655.5,1650.0,1650.0,1650.0,1650.0,1650.0,1650.0,1650.0,1675.0,1695.0,1675.0,1675.0,1690.0,1675.0,1665.0,1695.0,1695.0,1675.0,1699.0,1700.0,1700.0
South Jamaica,Queens,neighborhood,,,,,,,,,,,,,,,,,,,,,,,,,,,,,,,,,,,,,,,,,,,,,,,,,,,,,,,,,,,,,,,,,,,,,,,,,,,,,,,,,,,,,,,,,,,,,,,,,,,,,,
South Ozone Park,Queens,neighborhood,,,,,,,,,,,,,,,,,,,,,,,,,,,,,,,,,,,,,,,,,,,,,,,,,,,,,,,,,,,,,,,,,,,,,,,,,,,,,,,,,,,,,,,,,,,,,,,,,,,,,,
South Queens,Queens,submarket,,,,,,,,,,,,,,,,,,,,,,,,,,,1429.5,1399.5,1349.5,,1450.0,,,,,,,,,,1595.0,1372.5,1395.0,1475.0,1475.0,1462.5,1425.0,1352.5,1387.5,1390.0,1450.0,1400.0,1400.0,1400.0,1400.0,1498.0,1525.0,1575.0,1575.0,1445.0,1422.5,1697.5,1695.0,1625.0,1675.0,1599.0,1550.0,1599.0,1500.0,1400.0,1450.0,1500.0,1495.0,1500.0,1500.0,1525.0,1562.5,1537.5,1600.0,1650.0,1650.0,1675.0,1650.0,1599.0,1595.0,1550.0,1650.0,1810.0,1700.0,1650.0,1600.0,1600.0,1695.0,1500.0,1725.0,1798.0,1600.0,1600.0,1700.0,1650.0,1650.0,1750.0
South Richmond Hill,Queens,neighborhood,,,,,,,,,,,,,,,,,,,,,,,,,,,,,,,,,,,,,,,,,,,,,,,,,,,,,,,,,,,,,,,,,,,,,,,,,,,,,,,,,,,,,,,,,,,,,,,,,,,,,,
Springfield Gardens,Queens,neighborhood,,,,,,,,,,,,,,,,,,,,,,,,,,,,,,,,,,,,,,,,,,,,,,,,,,,,,,,,,,,,,,,,,,,,,,,,,,,,,,,,,,,,,,,,,,,,,,,,,,,,,,
St. Albans,Queens,neighborhood,,,,,,,,,,,,,,,,,,,,,,,,,,,,,,,,,,,,,,,,,,,,,,,,,,,,,,,,,,,,,,,,,,,,,,,,,,,,,,,,,,,,,,,,,,,,,,,,,,,,,,
Staten Island,Staten Island,borough,,,,,,,,,,,,,,,,,,,,,,,,,,,,,,,1350.0,1350.0,1350.0,,,,,,,,,1137.5,,,,1175.0,1150.0,1150.0,1150.0,1160.0,,,1250.0,1150.0,1175.0,,1200.0,1200.0,1200.0,,1200.0,1200.0,1250.0,1250.0,1250.0,1370.0,1500.0,1734.5,1684.5,1395.0,1405.0,1395.0,,1500.0,1695.0,2140.0,2300.0,2140.0,2140.0,1500.0,1500.0,1500.0,1500.0,1500.0,1500.0,1600.0,1500.0,1500.0,1500.0,1500.0,1500.0,1745.0,1395.0,1600.0,1600.0,1600.0,1600.0,1600.0,1600.0,1500.0,1500.0,1647.5
Stuyvesant Town/PCV,Manhattan,neighborhood,,,,,,,,,,,,,,,,,,,,,,,,3324.0,3377.5,3377.5,3350.0,3419.5,3433.0,,3429.5,3390.0,3350.0,3350.0,3235.0,3200.0,3250.0,3250.0,3200.0,2965.0,2965.0,2965.0,,,,3408.5,3408.5,3249.0,3249.0,3305.5,3323.0,3411.0,3467.0,3377.0,3149.5,3331.5,3325.0,3187.0,3068.0,3299.0,3299.0,3572.0,3572.0,3290.0,3216.0,3335.5,3411.0,3462.0,3479.0,3300.0,3252.0,3225.0,3191.0,3397.0,3685.0,3618.0,3547.5,3530.0,3540.0,3584.0,3570.0,3558.5,3611.0,3495.0,3645.0,3604.0,3611.5,3572.5,3630.5,3406.0,3525.0,3440.0,3625.0,3690.0,3541.0,3222.5,3535.5,3623.0,3576.0,3657.0,3610.0,
Sunnyside,Queens,neighborhood,1350.0,1350.0,1350.0,1399.0,1400.0,1375.0,1400.0,1400.0,1460.0,1412.5,1400.0,1400.0,1400.0,1400.0,1400.0,1450.0,1445.0,1450.0,1450.0,1550.0,1550.0,1495.0,1547.5,1547.5,1600.0,1595.0,1650.0,1550.0,1650.0,1650.0,1500.0,1425.0,1462.5,1500.0,1500.0,1500.0,1500.0,1495.0,1500.0,1550.0,1637.5,1687.5,1650.0,1650.0,1712.5,1650.0,1675.0,1675.0,1675.0,1750.0,1800.0,1750.0,1700.0,1800.0,1800.0,1760.0,1750.0,1750.0,1750.0,1785.0,1800.0,1800.0,1750.0,1875.0,1900.0,1875.0,1900.0,1900.0,1937.5,1950.0,1850.0,1895.0,1950.0,1900.0,1900.0,1895.0,1879.0,1900.0,1937.5,1900.0,1945.0,1950.0,1897.5,1925.0,1875.0,1817.5,1850.0,1850.0,1885.0,1885.0,1885.0,1895.0,1850.0,1850.0,1850.0,1900.0,1877.5,1900.0,1900.0,1945.0,1900.0,1850.0
Sunset Park,Brooklyn,neighborhood,1200.0,1200.0,1175.0,1187.5,1200.0,,,,,,,,1050.0,,,,,,,,,,,,,,,,,,,,,,1300.0,,,1350.0,1450.0,1487.5,1547.5,1500.0,1500.0,1575.0,1500.0,,1450.0,1400.0,1400.0,1400.0,1400.0,1500.0,1600.0,1750.0,1725.0,1750.0,1604.0,1600.0,1525.0,1500.0,1500.0,1575.0,1500.0,1550.0,1550.0,1600.0,1600.0,1525.0,1550.0,1700.0,1650.0,1600.0,1650.0,1750.0,1600.0,1700.0,1700.0,1700.0,1627.5,1700.0,1750.0,1750.0,1750.0,1672.5,1700.0,1700.0,1700.0,1700.0,1700.0,1650.0,1700.0,1650.0,1775.0,1700.0,1719.0,1750.0,1709.5,1650.0,1750.0,1750.0,1750.0,1795.0
The Rockaways,Queens,submarket,,,,,,,,,,,,,,,,,,,,,,,,,,,,,,,,,,,,,,,,,,,,1282.0,1282.0,1282.0,1282.0,1282.0,1282.0,1282.0,1282.0,1282.0,1287.0,1292.0,1287.0,,,,1350.0,1300.0,,,1350.0,1425.0,1347.5,1322.5,1350.0,1350.0,1399.5,1350.0,1374.5,,,,1425.0,1450.0,,1550.0,1595.0,1550.0,1675.0,1700.0,1655.0,1602.5,1590.0,1655.0,,,,1699.0,1699.0,,1672.0,1647.0,1499.0,1475.0,,1475.0,,,1600.0,1599.0
Throgs Neck,Bronx,neighborhood,,,,,,,,,,,,,,,,,,,,,,,,,,,,,,,,,,,,,,,,,,,,,,,,,,,,,,,,,,,,,,,,,,,,,,,,,,,,,,,,,,,,,,,,,,,,,,,,,,,,,,
Tremont,Bronx,neighborhood,,,,,,,,,,,,,,,,,,,,,,,,,,,,,,,,,,,,,,,,,,,,,,,,,,,,,,,,,,,,,,,,1599.0,,1412.5,1350.0,1449.0,1300.0,1300.0,1300.0,1300.0,1375.0,,1269.5,1294.5,1300.0,,,,1350.0,,,1350.0,1350.0,1350.0,1312.5,1350.0,1500.0,,,,,,,,,,,,,
Tribeca,Manhattan,neighborhood,3995.0,4000.0,3900.0,3925.0,3825.0,3695.0,3695.0,3600.0,3595.0,4000.0,3800.0,3995.0,4150.0,3800.0,3847.5,3995.0,3847.5,4000.0,4447.5,4400.0,3975.0,3997.5,4160.0,4160.0,4200.0,4322.5,4300.0,4395.0,4295.0,4395.0,4095.0,4287.5,4325.0,4595.0,4472.5,4275.0,4250.0,4200.0,4325.0,4200.0,4495.0,4500.0,4795.0,4500.0,4475.0,3995.0,4295.0,4300.0,4150.0,4197.5,4200.0,4295.0,4395.0,4440.0,4525.0,4425.0,4195.0,4395.0,4385.0,4595.0,4495.0,4495.0,4820.0,5225.0,5112.5,5000.0,5087.5,5310.0,4795.0,4695.0,4595.0,4595.0,4495.0,4788.5,4850.0,5000.0,4795.0,4697.5,5075.0,5030.0,5000.0,5000.0,4690.0,4885.0,4650.0,4500.0,4514.0,4650.0,4595.0,4600.0,5000.0,4395.0,4347.5,4195.0,4195.0,4272.5,4500.0,4500.0,4500.0,4720.0,4695.0,4697.5
University Heights,Bronx,neighborhood,,,,,,,,,,,,,,,,,,,,,,,,,,,,,,,,,,,,,,,1150.0,,1150.0,1199.0,,,,,1150.0,,1175.0,1199.0,,1217.5,1237.5,,1260.0,,1232.5,1250.0,1272.5,1250.0,1250.0,1250.0,1275.0,1286.5,1300.0,1330.0,1300.0,1295.0,,,1300.0,1300.0,,1362.5,1357.5,1300.0,1300.0,1407.5,1399.0,1350.0,,,1350.0,1350.0,,,1379.0,,1387.0,1495.0,1495.0,1434.0,1450.0,1450.0,1441.5,1472.5,1499.0,1500.0,1450.0,1450.0,1462.5,1450.0
Upper East Side,Manhattan,neighborhood,2350.0,2300.0,2325.0,2450.0,2500.0,2500.0,2500.0,2490.0,2500.0,2500.0,2400.0,2500.0,2495.0,2450.0,2400.0,2500.0,2600.0,2600.0,2555.0,2600.0,2650.0,2700.0,2700.0,2695.0,2625.0,2650.0,2600.0,2650.0,2600.0,2650.0,2650.0,2637.5,2700.0,2600.0,2650.0,2695.0,2650.0,2750.0,2750.0,2699.5,2700.0,2695.0,2650.0,2795.0,2775.0,2750.0,2700.0,2725.0,2695.0,2699.0,2650.0,2650.0,2650.0,2600.0,2650.0,2575.0,2600.0,2650.0,2700.0,2795.0,2792.5,2847.5,2850.0,2750.0,2795.0,2800.0,2800.0,2850.0,2950.0,2850.0,2800.0,2895.0,2900.0,2895.0,2950.0,2895.0,2890.0,2800.0,2750.0,2750.0,2795.0,2795.0,2800.0,2875.0,2800.0,2800.0,2850.0,2850.0,2800.0,2800.0,2800.0,2795.0,2850.0,2795.0,2799.5,2800.0,2800.0,2784.0,2775.0,2700.0,2700.0,2800.0
Upper West Side,Manhattan,neighborhood,2600.0,2550.0,2497.0,2500.0,2500.0,2600.0,2600.0,2650.0,2750.0,2800.0,2800.0,2700.0,2700.0,2750.0,2775.0,2800.0,2800.0,2900.0,2850.0,2945.0,2900.0,2900.0,2975.0,3000.0,3000.0,2950.0,2900.0,2950.0,2900.0,2950.0,2995.0,2950.0,2995.0,2990.0,2997.5,2995.0,2950.0,2972.5,3000.0,3000.0,3000.0,2900.0,2850.0,2950.0,3000.0,3000.0,2950.0,2995.0,2950.0,2995.0,3000.0,3100.0,3100.0,3000.0,3000.0,2995.0,3050.0,3050.0,3000.0,3000.0,3095.0,3100.0,3100.0,3150.0,3150.0,3150.0,3250.0,3250.0,3300.0,3250.0,3200.0,3200.0,3200.0,3200.0,3200.0,3250.0,3250.0,3162.0,3195.0,3195.0,3200.0,3200.0,3140.0,3100.0,3100.0,3100.0,3100.0,3100.0,3100.0,3100.0,3100.0,3129.0,3100.0,3097.0,3050.0,3140.0,3100.0,3080.0,3083.5,3100.0,3139.0,3100.0
Utopia,Queens,neighborhood,,,,,,,,,,,,,,,,,,,,,,,,,,,,,,,,,,,,,,,,,,,,,,,,,,,,,,,,,,,,,,,,,,,,,,,,,,,,,,,,,,,,,,,,,,,,,,,,,,,,,,
Van Nest,Bronx,neighborhood,,,,,,,,,,,,,,,,,,,,,,,,,,,,,,,,,,,,,,,,,,,,,,,,,,,,,,,,,,,,,,,,,,,,,,,,,,,,,,,,,,,,,,,,,,,,,,,,,,,,,,
Wakefield,Bronx,neighborhood,,,,,,,,,,,,,,,,,,,,,,,,,,,,,,,,,,,,,,,,,,,,,,,,,,,,,,,,1375.0,1400.0,1387.5,1300.0,1375.0,1225.0,1300.0,1387.5,1387.5,1337.5,1249.5,1249.0,1249.5,,1250.0,,1400.0,1450.0,1450.0,1450.0,1450.0,1450.0,1450.0,,1450.0,1395.0,1397.5,1395.0,1375.0,1375.0,,,,1450.0,,,,,,,,,,,,,
Washington Heights,Manhattan,neighborhood,1400.0,1395.0,1395.0,1395.0,1355.0,1432.5,1495.0,1495.0,1425.0,1467.5,1440.0,1450.0,1400.0,1425.0,1412.5,1495.0,1485.0,1500.0,1500.0,1600.0,1600.0,1550.0,1550.0,1437.5,1525.0,1495.0,1595.0,1497.5,1500.0,1500.0,1495.0,1500.0,1495.0,1650.0,1500.0,1500.0,1600.0,1600.0,1512.5,1500.0,1595.0,1562.5,1550.0,1550.0,1600.0,1599.0,1600.0,1600.0,1550.0,1595.0,1500.0,1500.0,1550.0,1595.0,1700.0,1650.0,1650.0,1600.0,1600.0,1600.0,1600.0,1614.5,1650.0,1699.0,1685.0,1687.5,1700.0,1700.0,1750.0,1700.0,1700.0,1750.0,1750.0,1750.0,1700.0,1700.0,1700.0,1700.0,1725.0,1795.0,1750.0,1750.0,1749.5,1750.0,1800.0,1795.0,1750.0,1800.0,1800.0,1800.0,1800.0,1800.0,1800.0,1750.0,1750.0,1799.5,1796.0,1799.0,1796.0,1795.0,1802.0,1850.0
West Harlem,Manhattan,neighborhood,,,,,,,,,,,,,,,,,,,,,,,,,,,,,,,,,,,,,,,,,,1575.0,1600.0,,,,,,,,,,,,1750.0,1750.0,1750.0,1750.0,1800.0,,1900.0,1750.0,1750.0,1750.0,1750.0,,1850.0,1850.0,1750.0,1850.0,1850.0,1800.0,1850.0,1875.0,1900.0,,,1950.0,2050.0,2000.0,,,,1887.5,1850.0,1935.0,2000.0,1850.0,1895.0,1800.0,1925.0,,,1712.5,2725.0,2737.5,2725.0,2725.0,2300.0,2362.5,2347.5,2200.0
West Village,Manhattan,neighborhood,3297.5,3050.0,3000.0,3000.0,3000.0,3100.0,3300.0,3000.0,3300.0,2972.5,2900.0,3100.0,3250.0,3300.0,3199.0,3595.0,3500.0,3590.0,3300.0,3472.5,3300.0,3400.0,3300.0,3300.0,3250.0,3300.0,3300.0,3295.0,3400.0,3300.0,3397.5,3200.0,3300.0,3400.0,3485.0,3495.0,3325.0,3300.0,3400.0,3395.0,3500.0,3500.0,3500.0,3500.0,3500.0,3495.0,3400.0,3500.0,3425.0,3595.0,3500.0,3595.0,3500.0,3500.0,3500.0,3500.0,3500.0,3497.5,3500.0,3500.0,3550.0,3500.0,3500.0,3500.0,3595.0,3500.0,3500.0,3695.0,3600.0,3595.0,3587.5,3600.0,3625.0,3800.0,3800.0,3775.0,3795.0,3795.0,3700.0,3697.5,3600.0,3637.5,3595.0,3587.5,3500.0,3550.0,3525.0,3500.0,3650.0,3695.0,3650.0,3625.0,3600.0,3500.0,3425.0,3495.0,3500.0,3765.5,3750.0,3750.0,3765.0,3800.0
Westchester Village,Bronx,neighborhood,,,,,,,,,,,,,,,,,,,,,,,,,,,,,,,,,,,,,,,,,,,,,,,,,,,,,,,,,,,,,,,,,,,,,,,,,,,,,,,,,,,,,,,,,,,,,,,,,,,,,,
Whitestone,Queens,neighborhood,,,,,,,,,,,,,,,,,,,,,,,,,,,,,,,,,,,,,,,,,,,,,,,,,,,,,,,,,,,,,,,,,,,,,,,,,,,,,,,,,,,,,,,,,,,,,,,,,,,,,,
Williamsbridge,Bronx,neighborhood,,,,,,,,,,,,,,,,,,,,,,,,,,,,,,,,,,,,,,,,,,,,,,,,,,,,,,,,,,,,,,,,1299.0,1287.0,,,,,,,,,,,,,,,,,,,,,,,,,,,,,,,,,,,,,
Williamsburg,Brooklyn,neighborhood,2383.0,2350.0,2350.0,2400.0,2400.0,2568.0,2550.0,2500.0,2550.0,2595.0,2600.0,2608.5,2633.5,2592.0,2800.0,2850.0,2800.0,2900.0,2850.0,2648.5,2800.0,2800.0,2850.0,2800.0,2881.0,2893.5,2867.0,2900.0,3000.0,2997.5,2975.0,3095.0,3138.0,3100.0,3050.0,3100.0,3050.0,2979.0,2900.0,2900.0,2950.0,3075.0,3100.0,3000.0,2999.0,2900.0,2944.0,2887.0,2900.0,2925.0,2956.5,3000.0,3000.0,3195.0,3200.0,3200.0,3150.0,3047.0,3047.0,3050.0,3000.0,3000.0,3000.0,3050.0,3000.0,3150.0,3150.0,3100.0,3000.0,3100.0,3150.0,3195.0,3146.0,3025.0,2950.0,2936.5,2950.0,2973.0,3000.0,2995.0,2900.0,3000.0,2950.0,2975.0,2930.0,2900.0,2953.0,2899.5,2800.0,2885.0,2845.5,2850.0,2900.0,2891.5,2764.5,2781.0,2797.0,2770.0,2750.0,2750.0,2750.0,2756.0
Windsor Terrace,Brooklyn,neighborhood,,,,,,,1800.0,1800.0,,1700.0,1650.0,1650.0,,1747.5,1550.0,,,,,,,,,,,,,,,1850.0,1800.0,1800.0,1700.0,1895.0,1925.0,1925.0,,1800.0,,1900.0,1797.5,1775.0,2100.0,2000.0,,2225.0,2200.0,2200.0,2100.0,2125.0,2100.0,2050.0,2025.0,2075.0,2075.0,2100.0,2200.0,2200.0,2225.0,2300.0,2225.0,2275.0,2300.0,2300.0,2100.0,2300.0,2250.0,2300.0,2500.0,2500.0,2195.0,2200.0,2225.0,2200.0,2150.0,2200.0,2100.0,2162.5,2097.5,2095.0,2095.0,2000.0,2000.0,2100.0,2100.0,2100.0,2100.0,2100.0,2197.5,2100.0,2000.0,2072.5,2195.0,2100.0,2195.0,2195.0,2200.0,2250.0,2200.0,2200.0,2200.0,2195.0
Woodhaven,Queens,neighborhood,,,,,,,,,,,,,,,,,,,,,,,,,,,,,,,,,,,,,,,,,,,,,,,,,,,,,,,,,,1575.0,1575.0,,1700.0,1700.0,1700.0,1625.0,1675.0,,,,,,1500.0,1600.0,1550.0,,,,,,,,,,,,,,1487.5,,,1699.0,1675.0,,,,,,,,,1600.0,1549.0,
Woodlawn,Bronx,neighborhood,,,,,,,,,,,,,,,,,,,,,,,,,,,,,,,,,,,,,,,,,,,,,,,,,,,,,,,,,,,,,,,,,,,,,,,,,,,,,,,,,,,,,,,,,,,,,,,,,,,,,,
Woodside,Queens,neighborhood,,,,,,,,,,,,,,,,,,,,,,,,,,,,,,,,,,,,,,,,,,,,,,1500.0,1500.0,1472.5,1570.0,1675.0,1750.0,1750.0,1700.0,1600.0,1595.0,1650.0,1600.0,1550.0,1662.5,1650.0,1700.0,1700.0,1625.0,1700.0,1700.0,1700.0,1695.0,1695.0,1585.0,1575.0,1600.0,1650.0,1650.0,1650.0,1695.0,1650.0,1635.0,1699.0,1700.0,1672.5,1650.0,1690.0,1700.0,1750.0,1725.0,1725.0,1700.0,1750.0,1700.0,1700.0,1700.0,1800.0,1790.0,1675.0,1700.0,1725.0,1675.0,1700.0,1750.0,1762.5,1790.0,1782.5
Woodstock,Bronx,neighborhood,,,,,,,,,,,,,,,,,,,,,,,,,,,,,,,,,,,,,,,,,,,,,,,,,,,,,,,,,,,,,,,,,,,,,,,,,,,,,,,,,,,,,,,,,,,,,,,,,,,,,,
